count,coordinates
43697,"[-73.973249, 40.739237]"
37845,"[-73.980185, 40.71098]"
35289,"[-73.974467, 40.722333]"
28987,"[-73.957928, 40.761162]"
28967,"[-73.97191, 40.743309]"
28416,"[-73.972169, 40.72622]"
27728,"[-73.972049, 40.726193]"
26894,"[-73.973878, 40.731708]"
26387,"[-73.975683, 40.728454]"
26268,"[-73.975064, 40.735925]"
26115,"[-73.958666, 40.741994]"
25086,"[-73.960059, 40.756935]"
24854,"[-73.977839, 40.712347]"
24839,"[-73.997981, 40.708803]"
24052,"[-73.976221, 40.765671]"
23957,"[-73.97755, 40.752237]"
23864,"[-73.960408, 40.756384]"
23016,"[-73.900045, 40.757286]"
22971,"[-73.971872, 40.729099]"
22946,"[-73.980147, 40.71087]"
22774,"[-73.965288, 40.777995]"
22482,"[-73.938584, 40.738183]"
22463,"[-73.972354, 40.74274]"
21741,"[-73.968705, 40.748108]"
21727,"[-73.957761, 40.759913]"
21717,"[-73.954221, 40.76264]"
21492,"[-73.973969, 40.731042]"
21479,"[-73.844033, 40.733901]"
21437,"[-73.974352, 40.722276]"
21404,"[-73.983711, 40.785842]"
21334,"[-73.947441, 40.741312]"
21264,"[-73.968774, 40.747839]"
21143,"[-74.001095, 40.736564]"
20983,"[-73.973097, 40.738963]"
20969,"[-73.939732, 40.785655]"
20884,"[-73.8202, 40.709571]"
20798,"[-73.833258, 40.719396]"
20434,"[-73.94374, 40.782846]"
20322,"[-73.935604, 40.791491]"
20129,"[-73.973844, 40.731292]"
20082,"[-73.970798, 40.77979]"
20036,"[-73.89485, 40.746179]"
19936,"[-73.826028, 40.715563]"
19781,"[-73.947805, 40.770259]"
19702,"[-73.967184, 40.778364]"
19595,"[-73.958383, 40.759021]"
18836,"[-73.954415, 40.762608]"
18539,"[-73.971778, 40.728292]"
18425,"[-73.972152, 40.729623]"
18330,"[-73.972078, 40.743186]"
17881,"[-73.975893, 40.753602]"
17841,"[-73.973947, 40.731526]"
17804,"[-73.972383, 40.742971]"
17704,"[-73.976254, 40.754226]"
17674,"[-73.974553, 40.722071]"
17503,"[-73.978012, 40.752679]"
17483,"[-73.970682, 40.770949]"
17435,"[-73.976773, 40.754317]"
17351,"[-73.98456, 40.748439]"
17300,"[-73.976957, 40.752159]"
16999,"[-73.994908, 40.76916]"
16965,"[-73.897244, 40.750313]"
16768,"[-73.801754, 40.674732]"
16559,"[-73.994077, 40.771795]"
16398,"[-73.976998, 40.7669]"
16214,"[-73.971948, 40.726999]"
16133,"[-73.98087, 40.791509]"
16123,"[-73.80105, 40.669875]"
16025,"[-73.974745, 40.71885]"
16011,"[-73.944014, 40.780919]"
15982,"[-73.97309, 40.739283]"
15977,"[-73.971734, 40.782037]"
15856,"[-73.967609, 40.772697]"
15761,"[-73.900528, 40.739583]"
15720,"[-73.974953, 40.734985]"
15705,"[-73.972205, 40.749829]"
15686,"[-73.963749, 40.777]"
15682,"[-73.962047, 40.754896]"
15649,"[-73.954932, 40.741357]"
15508,"[-73.975388, 40.716854]"
15503,"[-73.977721, 40.712318]"
15416,"[-73.974781, 40.73537]"
15039,"[-73.971742, 40.769719]"
14923,"[-73.957984, 40.759524]"
14840,"[-74.008255, 40.750553]"
14695,"[-73.970736, 40.74507]"
14605,"[-73.958233, 40.759667]"
14563,"[-73.867113, 40.770474]"
14433,"[-73.851034, 40.737683]"
14220,"[-73.874221, 40.772132]"
14155,"[-73.975234, 40.717638]"
13890,"[-73.805694, 40.660572]"
13782,"[-73.974429, 40.72204]"
13692,"[-73.971673, 40.728051]"
13684,"[-73.954748, 40.74151]"
13682,"[-73.970589, 40.745436]"
13560,"[-73.961064, 40.760864]"
13395,"[-73.949403, 40.741569]"
13332,"[-73.9516, 40.829529]"
13286,"[-73.971893, 40.729467]"
13170,"[-73.987182, 40.733293]"
13164,"[-73.976026, 40.754131]"
13121,"[-73.971634, 40.728504]"
13024,"[-73.998969, 40.763618]"
12887,"[-73.925523, 40.735804]"
12812,"[-73.970938, 40.745171]"
12745,"[-73.997982, 40.708738]"
12744,"[-74.009905, 40.73899]"
12613,"[-73.990717, 40.734794]"
12577,"[-73.94974, 40.741703]"
12557,"[-73.938013, 40.738168]"
12530,"[-73.975071, 40.718998]"
12504,"[-73.984118, 40.754842]"
12393,"[-73.97623, 40.76753]"
12342,"[-73.974919, 40.735866]"
12328,"[-74.005168, 40.729464]"
12271,"[-73.802184, 40.66338]"
12195,"[-73.972554, 40.769513]"
12122,"[-73.952913, 40.764211]"
12090,"[-73.798657, 40.645118]"
12088,"[-73.870347, 40.771568]"
12038,"[-73.975009, 40.736416]"
11976,"[-74.001529, 40.761472]"
11968,"[-73.938559, 40.738301]"
11950,"[-74.001413, 40.731065]"
11938,"[-73.970244, 40.747952]"
11916,"[-73.999166, 40.708486]"
11827,"[-73.970397, 40.747576]"
11729,"[-73.802452, 40.647662]"
11654,"[-73.970154, 40.747714]"
11626,"[-73.977196, 40.764324]"
11589,"[-73.986949, 40.756036]"
11569,"[-73.977665, 40.771708]"
11539,"[-73.958357, 40.742202]"
11531,"[-73.885951, 40.767419]"
11517,"[-73.97391, 40.769391]"
11493,"[-73.994379, 40.771719]"
11452,"[-73.975346, 40.717326]"
11423,"[-73.911232, 40.729686]"
11404,"[-74.007832, 40.74806]"
11283,"[-73.91116, 40.729799]"
11270,"[-73.976019, 40.754146]"
11257,"[-73.975959, 40.776217]"
11237,"[-73.956926, 40.760684]"
11209,"[-74.009518, 40.702146]"
11008,"[-73.977634, 40.752251]"
10931,"[-73.975449, 40.717059]"
10910,"[-74.002491, 40.739745]"
10854,"[-73.974865, 40.736403]"
10837,"[-73.971591, 40.780402]"
10790,"[-73.973968, 40.762967]"
10786,"[-73.974735, 40.736519]"
10761,"[-73.885218, 40.767403]"
10741,"[-73.982787, 40.785031]"
10736,"[-73.787126, 40.645022]"
10720,"[-73.971638, 40.780528]"
10665,"[-73.973685, 40.769289]"
10601,"[-73.972519, 40.745948]"
10582,"[-73.966623, 40.784172]"
10565,"[-73.886576, 40.767233]"
10505,"[-73.876893, 40.771258]"
10497,"[-73.971394, 40.781712]"
10424,"[-73.971901, 40.745896]"
10417,"[-73.925467, 40.735922]"
10415,"[-73.958207, 40.75962]"
10413,"[-73.886444, 40.727973]"
10343,"[-73.942983, 40.774722]"
10329,"[-73.986399, 40.7517]"
10292,"[-73.919045, 40.731944]"
10275,"[-73.976235, 40.796635]"
10222,"[-73.989791, 40.757234]"
10170,"[-73.959722, 40.758663]"
10137,"[-73.973307, 40.745975]"
10113,"[-73.978021, 40.712124]"
10096,"[-73.968522, 40.772904]"
10092,"[-73.974408, 40.750764]"
10077,"[-73.969212, 40.773426]"
10076,"[-73.972997, 40.773815]"
10067,"[-73.975108, 40.735418]"
10037,"[-73.971079, 40.744593]"
10036,"[-73.958809, 40.759913]"
9946,"[-73.958709, 40.742306]"
9917,"[-73.971645, 40.780811]"
9902,"[-73.922643, 40.774534]"
9839,"[-73.979193, 40.771782]"
9831,"[-74.001112, 40.710193]"
9819,"[-73.97693, 40.766515]"
9813,"[-73.973104, 40.740321]"
9782,"[-73.973371, 40.738983]"
9680,"[-73.94288, 40.774868]"
9620,"[-73.960604, 40.769747]"
9585,"[-74.010116, 40.739028]"
9571,"[-73.975698, 40.754634]"
9539,"[-73.978661, 40.767408]"
9527,"[-73.979281, 40.770134]"
9516,"[-73.971555, 40.768635]"
9427,"[-73.971741, 40.729116]"
9414,"[-73.979076, 40.766876]"
9408,"[-73.978321, 40.711813]"
9383,"[-73.958348, 40.760543]"
9371,"[-73.929213, 40.786719]"
9338,"[-73.878008, 40.771115]"
9333,"[-73.990055, 40.709886]"
9314,"[-73.972277, 40.742502]"
9311,"[-73.975814, 40.753961]"
9295,"[-73.971767, 40.728524]"
9283,"[-73.991255, 40.72777]"
9260,"[-73.973207, 40.795253]"
9255,"[-73.96098, 40.817638]"
9253,"[-73.999684, 40.738552]"
9200,"[-73.972198, 40.745729]"
9198,"[-73.982557, 40.731357]"
9191,"[-73.988894, 40.742473]"
9159,"[-73.982264, 40.767588]"
9148,"[-73.807258, 40.65741]"
9139,"[-73.975311, 40.796138]"
9135,"[-73.977146, 40.746996]"
9131,"[-73.97479, 40.736649]"
9114,"[-73.971353, 40.77]"
9110,"[-73.957844, 40.759825]"
9098,"[-73.966987, 40.752388]"
9088,"[-73.972152, 40.742843]"
9017,"[-73.965199, 40.751652]"
8957,"[-73.923987, 40.793024]"
8946,"[-74.011156, 40.701794]"
8939,"[-73.949633, 40.741593]"
8935,"[-73.894197, 40.766256]"
8928,"[-73.975996, 40.796501]"
8924,"[-73.963693, 40.782982]"
8914,"[-73.956908, 40.789272]"
8914,"[-73.943946, 40.780633]"
8913,"[-73.942477, 40.776631]"
8912,"[-73.99684, 40.737361]"
8908,"[-73.929908, 40.784438]"
8886,"[-73.965434, 40.771784]"
8882,"[-73.975698, 40.716506]"
8823,"[-73.974112, 40.769913]"
8819,"[-73.983148, 40.738826]"
8806,"[-74.002199, 40.729693]"
8796,"[-73.975007, 40.769412]"
8790,"[-73.845447, 40.741199]"
8790,"[-74.01093, 40.725807]"
8727,"[-73.989243, 40.752895]"
8705,"[-73.969432, 40.771688]"
8703,"[-73.978091, 40.745716]"
8670,"[-73.844502, 40.741504]"
8649,"[-73.974223, 40.774631]"
8602,"[-73.981018, 40.767699]"
8577,"[-73.97713, 40.771831]"
8549,"[-73.905312, 40.726499]"
8530,"[-73.971688, 40.773828]"
8447,"[-74.003483, 40.711271]"
8446,"[-73.922781, 40.774433]"
8436,"[-73.918953, 40.732049]"
8432,"[-73.964577, 40.752464]"
8422,"[-73.970173, 40.773428]"
8409,"[-73.876686, 40.771992]"
8383,"[-73.98983, 40.733689]"
8363,"[-73.88006, 40.728822]"
8326,"[-73.978786, 40.711472]"
8281,"[-73.95729, 40.774289]"
8252,"[-73.826606, 40.721035]"
8250,"[-73.976234, 40.766025]"
8249,"[-73.99346, 40.752196]"
8247,"[-73.968924, 40.77246]"
8232,"[-73.972987, 40.739144]"
8228,"[-73.976025, 40.751456]"
8227,"[-73.998226, 40.713254]"
8217,"[-73.961303, 40.710136]"
8211,"[-73.99041, 40.731002]"
8186,"[-73.973792, 40.731519]"
8173,"[-73.930134, 40.784601]"
8148,"[-73.960671, 40.757364]"
8129,"[-73.975199, 40.769202]"
8105,"[-73.963839, 40.815504]"
8102,"[-73.97214, 40.743161]"
8089,"[-73.994156, 40.771661]"
8079,"[-73.991563, 40.749706]"
8070,"[-73.92964, 40.786545]"
8068,"[-73.819415, 40.70809]"
8050,"[-73.974024, 40.731721]"
8044,"[-73.923666, 40.735533]"
8043,"[-73.97149, 40.78188]"
8000,"[-73.982957, 40.747765]"
8000,"[-73.958528, 40.789954]"
7962,"[-73.960169, 40.790395]"
7961,"[-73.974864, 40.737022]"
7955,"[-73.955999, 40.767804]"
7953,"[-73.97726, 40.719393]"
7948,"[-73.972739, 40.745585]"
7945,"[-73.919612, 40.797223]"
7941,"[-73.972249, 40.76885]"
7936,"[-73.974063, 40.800963]"
7936,"[-73.832503, 40.72707]"
7931,"[-73.96936, 40.771752]"
7901,"[-73.99151, 40.731665]"
7880,"[-73.802106, 40.663632]"
7865,"[-73.886516, 40.728106]"
7855,"[-73.880121, 40.728958]"
7846,"[-73.983908, 40.785783]"
7845,"[-73.906852, 40.736918]"
7821,"[-73.955044, 40.773338]"
7789,"[-73.971878, 40.72671]"
7751,"[-73.99538, 40.725032]"
7751,"[-73.968178, 40.747958]"
7750,"[-74.00945, 40.702073]"
7748,"[-74.005127, 40.740851]"
7744,"[-73.826288, 40.715628]"
7734,"[-73.962322, 40.754777]"
7730,"[-73.943931, 40.78269]"
7725,"[-73.943898, 40.779724]"
7719,"[-73.806581, 40.652943]"
7708,"[-73.967848, 40.784818]"
7686,"[-73.977327, 40.745392]"
7676,"[-73.971385, 40.781594]"
7664,"[-73.994217, 40.771509]"
7647,"[-73.97608, 40.796381]"
7646,"[-73.942498, 40.776782]"
7618,"[-73.975645, 40.797197]"
7612,"[-73.986824, 40.751088]"
7568,"[-73.964514, 40.7916]"
7567,"[-73.9971, 40.725462]"
7536,"[-73.964121, 40.783364]"
7525,"[-73.929757, 40.795412]"
7502,"[-73.977666, 40.752202]"
7474,"[-73.944028, 40.783034]"
7473,"[-73.921789, 40.79703]"
7471,"[-73.972018, 40.729423]"
7466,"[-73.916998, 40.735462]"
7461,"[-73.991069, 40.730045]"
7438,"[-73.982878, 40.766716]"
7421,"[-74.005038, 40.741319]"
7412,"[-73.993607, 40.736013]"
7410,"[-73.948907, 40.836953]"
7380,"[-73.990784, 40.73469]"
7375,"[-73.923209, 40.734139]"
7372,"[-74.011285, 40.72521]"
7363,"[-73.806237, 40.652363]"
7333,"[-73.917015, 40.770338]"
7326,"[-73.976928, 40.752191]"
7321,"[-73.979751, 40.768526]"
7224,"[-73.806872, 40.658627]"
7213,"[-74.015471, 40.701253]"
7189,"[-73.996993, 40.725585]"
7176,"[-73.963361, 40.782086]"
7165,"[-73.956086, 40.761127]"
7155,"[-73.973635, 40.769893]"
7152,"[-73.782293, 40.646833]"
7144,"[-74.006993, 40.753889]"
7135,"[-73.871658, 40.771497]"
7115,"[-73.865671, 40.769189]"
7059,"[-73.957979, 40.759784]"
7058,"[-73.959493, 40.817007]"
7032,"[-73.984746, 40.785849]"
7019,"[-73.929376, 40.799376]"
7017,"[-73.979966, 40.769151]"
7010,"[-73.990617, 40.751]"
7010,"[-73.974702, 40.736611]"
7004,"[-73.956053, 40.788021]"
6989,"[-73.944111, 40.782919]"
6964,"[-73.9899, 40.734447]"
6925,"[-73.975047, 40.735716]"
6910,"[-73.972001, 40.726721]"
6906,"[-73.96852, 40.754877]"
6902,"[-73.988708, 40.748504]"
6889,"[-73.922233, 40.733966]"
6880,"[-73.977247, 40.719251]"
6865,"[-73.979332, 40.793441]"
6859,"[-73.957834, 40.742059]"
6855,"[-73.980036, 40.765521]"
6840,"[-73.950437, 40.771402]"
6824,"[-73.981848, 40.766287]"
6800,"[-73.875284, 40.773693]"
6797,"[-73.964828, 40.75191]"
6788,"[-73.866312, 40.77115]"
6782,"[-74.009589, 40.702112]"
6765,"[-73.948245, 40.769526]"
6755,"[-73.979724, 40.746402]"
6754,"[-73.969132, 40.760929]"
6746,"[-73.945228, 40.740744]"
6732,"[-74.013214, 40.715219]"
6730,"[-73.801724, 40.674292]"
6728,"[-73.970638, 40.761572]"
6721,"[-73.954785, 40.762266]"
6717,"[-74.002773, 40.739366]"
6679,"[-73.985718, 40.767916]"
6678,"[-73.905252, 40.726597]"
6669,"[-73.969349, 40.785303]"
6664,"[-73.907402, 40.736762]"
6654,"[-73.989157, 40.747896]"
6649,"[-74.006924, 40.754013]"
6642,"[-73.97546, 40.775953]"
6588,"[-73.987984, 40.740884]"
6550,"[-73.971961, 40.746189]"
6543,"[-73.894817, 40.744569]"
6542,"[-73.990904, 40.724185]"
6541,"[-74.001657, 40.709492]"
6536,"[-73.973734, 40.769913]"
6527,"[-73.953748, 40.766859]"
6507,"[-73.980888, 40.753481]"
6447,"[-73.958892, 40.774972]"
6434,"[-73.971173, 40.744687]"
6426,"[-73.919722, 40.79646]"
6425,"[-73.944166, 40.780001]"
6376,"[-73.974083, 40.731129]"
6359,"[-73.838726, 40.74183]"
6329,"[-73.953249, 40.767541]"
6319,"[-73.969032, 40.785155]"
6308,"[-73.981651, 40.790306]"
6295,"[-73.930626, 40.726197]"
6287,"[-73.963683, 40.771046]"
6258,"[-73.992006, 40.749101]"
6254,"[-73.91701, 40.770204]"
6252,"[-73.988561, 40.769118]"
6240,"[-73.962782, 40.78153]"
6151,"[-73.965372, 40.751825]"
6147,"[-73.954236, 40.762795]"
6144,"[-73.971305, 40.744349]"
6129,"[-73.99364, 40.727289]"
6124,"[-73.979987, 40.769082]"
6118,"[-73.964707, 40.791674]"
6114,"[-73.952677, 40.772346]"
6112,"[-73.992525, 40.753478]"
6098,"[-73.97822, 40.711749]"
6063,"[-73.95416, 40.787231]"
6051,"[-73.975259, 40.755272]"
6027,"[-73.978627, 40.767529]"
6014,"[-73.844708, 40.741608]"
6005,"[-73.970857, 40.745107]"
6001,"[-73.968978, 40.754251]"
5969,"[-73.94262, 40.776779]"
5939,"[-73.969689, 40.748781]"
5935,"[-73.974461, 40.732758]"
5931,"[-73.894357, 40.76612]"
5901,"[-73.968473, 40.747955]"
5901,"[-73.978595, 40.772356]"
5884,"[-73.995992, 40.767986]"
5877,"[-73.805782, 40.651666]"
5877,"[-73.974689, 40.745961]"
5874,"[-73.985281, 40.783606]"
5871,"[-74.010767, 40.729134]"
5870,"[-73.967039, 40.772461]"
5854,"[-73.844836, 40.740584]"
5854,"[-74.002926, 40.739174]"
5852,"[-73.895616, 40.74355]"
5851,"[-73.865761, 40.769174]"
5834,"[-73.942697, 40.775176]"
5816,"[-73.962062, 40.791455]"
5811,"[-73.878497, 40.77092]"
5809,"[-73.977908, 40.712087]"
5808,"[-73.929646, 40.795577]"
5808,"[-73.944809, 40.740634]"
5803,"[-73.975683, 40.798942]"
5707,"[-73.894462, 40.766006]"
5685,"[-73.947078, 40.784269]"
5684,"[-73.900871, 40.739381]"
5681,"[-74.011586, 40.690627]"
5679,"[-74.007628, 40.74846]"
5666,"[-73.998779, 40.763843]"
5664,"[-73.975087, 40.736572]"
5656,"[-73.780828, 40.647838]"
5655,"[-73.96847, 40.748016]"
5654,"[-73.991057, 40.723599]"
5651,"[-73.984941, 40.732347]"
5650,"[-73.97582, 40.753732]"
5621,"[-73.970031, 40.768729]"
5616,"[-74.00305, 40.733221]"
5613,"[-73.980883, 40.759274]"
5610,"[-73.967529, 40.792858]"
5610,"[-73.99927, 40.763594]"
5606,"[-73.897033, 40.750172]"
5594,"[-73.948064, 40.769881]"
5591,"[-73.907358, 40.736659]"
5587,"[-73.865999, 40.771199]"
5585,"[-73.991545, 40.727095]"
5558,"[-73.972079, 40.726444]"
5552,"[-73.962151, 40.776324]"
5547,"[-74.015359, 40.701848]"
5534,"[-73.971252, 40.780081]"
5531,"[-73.892511, 40.766287]"
5528,"[-73.989161, 40.776834]"
5526,"[-73.992631, 40.75843]"
5504,"[-73.961375, 40.780223]"
5502,"[-74.004554, 40.742125]"
5499,"[-73.975403, 40.774647]"
5493,"[-73.97879, 40.777418]"
5490,"[-74.013553, 40.715273]"
5487,"[-73.939138, 40.723329]"
5487,"[-73.884668, 40.767864]"
5481,"[-73.801021, 40.646361]"
5462,"[-74.008688, 40.742352]"
5454,"[-73.975509, 40.776019]"
5454,"[-73.944816, 40.772816]"
5440,"[-73.973169, 40.77386]"
5416,"[-73.974542, 40.783243]"
5390,"[-73.974347, 40.756523]"
5349,"[-73.986305, 40.740165]"
5340,"[-73.894932, 40.744318]"
5338,"[-73.967206, 40.747222]"
5322,"[-73.994671, 40.769561]"
5316,"[-73.97801, 40.752537]"
5314,"[-73.973379, 40.745695]"
5314,"[-73.931162, 40.800731]"
5305,"[-73.962211, 40.770425]"
5303,"[-73.952776, 40.768181]"
5296,"[-73.948072, 40.770417]"
5292,"[-73.92313, 40.734832]"
5280,"[-73.960072, 40.790354]"
5261,"[-73.944132, 40.780086]"
5237,"[-73.994903, 40.769626]"
5206,"[-73.935705, 40.791554]"
5204,"[-73.971236, 40.744513]"
5203,"[-73.987003, 40.780725]"
5193,"[-73.986793, 40.739494]"
5179,"[-73.982712, 40.756771]"
5177,"[-73.968114, 40.747669]"
5173,"[-73.891525, 40.725717]"
5171,"[-73.991506, 40.729787]"
5168,"[-73.996661, 40.723467]"
5149,"[-73.965292, 40.75931]"
5144,"[-73.982122, 40.773833]"
5133,"[-73.978514, 40.736873]"
5130,"[-73.976906, 40.772124]"
5117,"[-73.852927, 40.758449]"
5114,"[-73.899567, 40.758738]"
5111,"[-73.989352, 40.740583]"
5109,"[-73.97449, 40.769802]"
5089,"[-73.891155, 40.766192]"
5083,"[-73.894067, 40.766345]"
5056,"[-73.979861, 40.74895]"
5048,"[-73.943702, 40.783088]"
5040,"[-73.989443, 40.736065]"
5030,"[-73.988386, 40.75916]"
5028,"[-73.980418, 40.759911]"
4996,"[-74.007928, 40.742541]"
4995,"[-73.893579, 40.766524]"
4984,"[-73.978329, 40.783153]"
4980,"[-74.000503, 40.708802]"
4969,"[-73.960919, 40.780856]"
4965,"[-73.980353, 40.730428]"
4955,"[-73.980084, 40.783893]"
4948,"[-73.987091, 40.781083]"
4941,"[-73.984262, 40.785642]"
4937,"[-73.992079, 40.754091]"
4927,"[-73.963917, 40.771144]"
4927,"[-73.979057, 40.761771]"
4923,"[-74.010784, 40.726774]"
4914,"[-73.940007, 40.722851]"
4913,"[-73.995285, 40.725151]"
4909,"[-73.986264, 40.72228]"
4902,"[-73.977201, 40.758538]"
4894,"[-73.981898, 40.778256]"
4886,"[-73.852383, 40.75353]"
4884,"[-73.846502, 40.743364]"
4882,"[-73.91849, 40.731841]"
4880,"[-73.981307, 40.790865]"
4879,"[-73.979938, 40.754782]"
4841,"[-74.001534, 40.761847]"
4825,"[-73.944441, 40.781808]"
4823,"[-73.942441, 40.776287]"
4822,"[-73.98266, 40.784976]"
4815,"[-73.979286, 40.752802]"
4813,"[-73.926431, 40.799692]"
4812,"[-73.974542, 40.756605]"
4796,"[-73.955447, 40.741396]"
4785,"[-73.931335, 40.725731]"
4782,"[-73.971758, 40.743343]"
4779,"[-73.807292, 40.657227]"
4775,"[-73.989902, 40.729558]"
4774,"[-73.974027, 40.77454]"
4774,"[-73.974244, 40.769894]"
4773,"[-74.015407, 40.701911]"
4773,"[-73.974899, 40.736746]"
4766,"[-73.990681, 40.689135]"
4764,"[-73.973625, 40.764577]"
4761,"[-73.972184, 40.746052]"
4759,"[-73.981523, 40.768582]"
4759,"[-73.992805, 40.742901]"
4756,"[-73.981479, 40.767854]"
4753,"[-73.950926, 40.785867]"
4750,"[-73.98117, 40.78435]"
4744,"[-73.975824, 40.753987]"
4730,"[-73.999523, 40.733663]"
4728,"[-73.956956, 40.760643]"
4723,"[-73.998485, 40.745295]"
4709,"[-73.895141, 40.744018]"
4706,"[-74.001205, 40.733843]"
4704,"[-73.852227, 40.753111]"
4699,"[-73.975948, 40.74687]"
4690,"[-73.98325, 40.761095]"
4681,"[-73.980775, 40.79195]"
4679,"[-73.967212, 40.810554]"
4675,"[-73.997144, 40.766122]"
4675,"[-73.97814, 40.763023]"
4666,"[-73.899721, 40.757466]"
4644,"[-73.99894, 40.734136]"
4643,"[-73.978728, 40.772417]"
4640,"[-73.963423, 40.782163]"
4630,"[-73.9747, 40.7987]"
4626,"[-73.981775, 40.746504]"
4620,"[-73.96038, 40.775574]"
4614,"[-73.981174, 40.767771]"
4613,"[-73.976188, 40.765911]"
4603,"[-74.012759, 40.717114]"
4600,"[-73.982303, 40.789501]"
4600,"[-73.956401, 40.78884]"
4599,"[-74.00697, 40.741628]"
4592,"[-73.964903, 40.751979]"
4592,"[-73.991402, 40.770319]"
4588,"[-73.895501, 40.743477]"
4587,"[-73.994117, 40.720346]"
4579,"[-73.947122, 40.775929]"
4573,"[-73.989065, 40.692283]"
4569,"[-73.967858, 40.751328]"
4566,"[-73.88405, 40.768105]"
4550,"[-73.969305, 40.773452]"
4549,"[-74.005817, 40.736531]"
4539,"[-74.004168, 40.74769]"
4526,"[-73.991462, 40.731745]"
4518,"[-73.98998, 40.735375]"
4511,"[-73.920225, 40.73513]"
4504,"[-73.986335, 40.722162]"
4503,"[-73.955624, 40.764296]"
4502,"[-73.97378, 40.738358]"
4500,"[-73.939706, 40.785855]"
4500,"[-73.973542, 40.746059]"
4497,"[-73.975483, 40.781952]"
4491,"[-73.963121, 40.760569]"
4489,"[-73.998, 40.745961]"
4485,"[-73.980217, 40.792399]"
4483,"[-73.90796, 40.736645]"
4483,"[-74.00596, 40.745231]"
4482,"[-74.007696, 40.747757]"
4479,"[-74.00904, 40.702429]"
4475,"[-73.984759, 40.739504]"
4472,"[-73.918568, 40.73173]"
4463,"[-73.958781, 40.76399]"
4454,"[-73.97668, 40.765028]"
4454,"[-73.976697, 40.747615]"
4452,"[-73.934453, 40.808319]"
4440,"[-73.975522, 40.796303]"
4427,"[-73.990131, 40.737801]"
4424,"[-73.985954, 40.746529]"
4424,"[-73.900974, 40.739192]"
4410,"[-73.994845, 40.750294]"
4409,"[-73.964345, 40.760613]"
4406,"[-73.971194, 40.755186]"
4401,"[-73.989873, 40.735253]"
4398,"[-73.929387, 40.799431]"
4384,"[-73.9747, 40.798663]"
4384,"[-73.927232, 40.729195]"
4378,"[-73.975565, 40.775203]"
4353,"[-73.998714, 40.734784]"
4352,"[-73.965674, 40.762811]"
4338,"[-73.972473, 40.742791]"
4328,"[-73.970857, 40.761665]"
4323,"[-73.787801, 40.645009]"
4320,"[-73.96848, 40.748089]"
4319,"[-73.990165, 40.735165]"
4311,"[-74.001211, 40.710056]"
4297,"[-73.894613, 40.746006]"
4295,"[-74.002791, 40.728451]"
4294,"[-73.978035, 40.771804]"
4293,"[-73.989884, 40.710016]"
4293,"[-73.979187, 40.711264]"
4289,"[-73.991879, 40.775002]"
4287,"[-73.986902, 40.739541]"
4284,"[-73.943038, 40.774819]"
4262,"[-73.864643, 40.733845]"
4262,"[-73.953672, 40.787901]"
4249,"[-73.991403, 40.727502]"
4248,"[-73.97282, 40.75587]"
4240,"[-73.930617, 40.72598]"
4237,"[-74.008479, 40.750485]"
4232,"[-73.797688, 40.644869]"
4227,"[-73.995904, 40.732859]"
4224,"[-73.956995, 40.762422]"
4220,"[-73.995473, 40.759626]"
4217,"[-73.97999, 40.720397]"
4207,"[-73.960619, 40.775675]"
4207,"[-73.983167, 40.756142]"
4201,"[-73.98031, 40.748336]"
4198,"[-73.894582, 40.725213]"
4195,"[-73.977655, 40.757912]"
4192,"[-74.011505, 40.702959]"
4190,"[-74.003045, 40.715603]"
4187,"[-73.956923, 40.760729]"
4173,"[-74.008873, 40.741541]"
4171,"[-73.989053, 40.730724]"
4170,"[-73.970482, 40.745383]"
4167,"[-73.958363, 40.768802]"
4158,"[-73.972036, 40.729693]"
4155,"[-73.975879, 40.744778]"
4152,"[-73.935856, 40.79142]"
4138,"[-73.979024, 40.756032]"
4137,"[-73.976311, 40.767434]"
4125,"[-73.891825, 40.725468]"
4111,"[-73.922524, 40.797762]"
4101,"[-73.971869, 40.743256]"
4100,"[-73.963932, 40.77709]"
4099,"[-73.972337, 40.769504]"
4095,"[-73.985947, 40.752317]"
4093,"[-73.978577, 40.750834]"
4087,"[-73.985839, 40.78306]"
4087,"[-73.996716, 40.725502]"
4084,"[-74.006309, 40.72256]"
4078,"[-73.981626, 40.778618]"
4075,"[-74.002982, 40.723308]"
4057,"[-73.944328, 40.779768]"
4048,"[-73.971682, 40.794611]"
4043,"[-74.008181, 40.742122]"
4041,"[-74.015244, 40.701732]"
4040,"[-73.955612, 40.711767]"
4038,"[-73.801561, 40.666988]"
4036,"[-73.981898, 40.762965]"
4030,"[-73.849798, 40.737824]"
4021,"[-74.014646, 40.71113]"
4020,"[-73.987929, 40.759787]"
4017,"[-73.959949, 40.75706]"
4010,"[-74.002807, 40.733625]"
4007,"[-73.977362, 40.784463]"
4005,"[-73.8632, 40.767336]"
3991,"[-73.942595, 40.776662]"
3987,"[-73.978601, 40.762396]"
3985,"[-73.92914, 40.797418]"
3984,"[-73.973199, 40.745576]"
3980,"[-73.985534, 40.757963]"
3979,"[-73.992463, 40.748469]"
3974,"[-73.858867, 40.761361]"
3968,"[-73.984484, 40.779807]"
3962,"[-73.974644, 40.74634]"
3960,"[-73.978874, 40.770501]"
3954,"[-74.01269, 40.701354]"
3950,"[-74.009174, 40.741083]"
3949,"[-73.906368, 40.737096]"
3947,"[-73.984942, 40.78394]"
3939,"[-73.97874, 40.767748]"
3939,"[-73.969476, 40.779328]"
3939,"[-74.007731, 40.747504]"
3934,"[-73.960742, 40.709393]"
3933,"[-74.015438, 40.701811]"
3926,"[-74.016638, 40.704785]"
3916,"[-73.97984, 40.768649]"
3915,"[-73.974779, 40.774738]"
3914,"[-74.002972, 40.706239]"
3910,"[-73.984174, 40.759841]"
3906,"[-73.988451, 40.723277]"
3904,"[-73.933985, 40.817473]"
3903,"[-73.89369, 40.765906]"
3902,"[-73.996884, 40.766826]"
3893,"[-73.943396, 40.844793]"
3891,"[-73.982849, 40.787757]"
3886,"[-74.010295, 40.733978]"
3880,"[-73.937375, 40.848455]"
3877,"[-73.988007, 40.780275]"
3873,"[-73.958811, 40.780869]"
3872,"[-73.985833, 40.717623]"
3861,"[-73.806735, 40.652897]"
3846,"[-73.993292, 40.742233]"
3844,"[-73.875001, 40.77381]"
3843,"[-74.009351, 40.702121]"
3838,"[-73.95059, 40.71619]"
3837,"[-73.970364, 40.794049]"
3834,"[-74.010555, 40.729111]"
3828,"[-73.807206, 40.658224]"
3821,"[-73.988362, 40.779802]"
3818,"[-73.960414, 40.781545]"
3817,"[-73.924959, 40.735444]"
3814,"[-73.974584, 40.746172]"
3813,"[-73.962986, 40.79174]"
3810,"[-74.001374, 40.709649]"
3792,"[-73.931305, 40.800737]"
3784,"[-73.895025, 40.744159]"
3783,"[-73.984024, 40.743301]"
3778,"[-73.975319, 40.774835]"
3778,"[-73.982399, 40.767405]"
3768,"[-73.973886, 40.757137]"
3768,"[-73.934919, 40.809609]"
3767,"[-73.988905, 40.710139]"
3758,"[-73.968697, 40.772651]"
3754,"[-73.968331, 40.772788]"
3754,"[-73.833558, 40.719429]"
3750,"[-73.967713, 40.747515]"
3743,"[-73.994468, 40.72584]"
3737,"[-74.003601, 40.732286]"
3737,"[-73.944671, 40.772821]"
3733,"[-73.843776, 40.733146]"
3728,"[-74.001062, 40.761957]"
3717,"[-73.942803, 40.775202]"
3712,"[-73.891931, 40.766154]"
3708,"[-73.859364, 40.76145]"
3704,"[-73.975373, 40.76104]"
3703,"[-74.006021, 40.706142]"
3703,"[-73.929772, 40.795608]"
3697,"[-73.786645, 40.652956]"
3697,"[-73.975941, 40.796214]"
3686,"[-73.979904, 40.768762]"
3682,"[-73.984881, 40.774159]"
3681,"[-74.004618, 40.72137]"
3656,"[-73.971919, 40.79471]"
3647,"[-73.942609, 40.775689]"
3641,"[-74.007052, 40.718269]"
3638,"[-73.922547, 40.73295]"
3633,"[-73.968392, 40.748256]"
3631,"[-74.000275, 40.742839]"
3630,"[-73.980051, 40.749028]"
3629,"[-73.988796, 40.699657]"
3627,"[-73.975053, 40.799096]"
3626,"[-73.995645, 40.744099]"
3626,"[-73.986566, 40.761668]"
3622,"[-73.999287, 40.708113]"
3617,"[-73.875984, 40.770323]"
3615,"[-73.982254, 40.75739]"
3610,"[-73.807421, 40.657436]"
3603,"[-73.982064, 40.773002]"
3583,"[-73.96996, 40.74889]"
3583,"[-73.970584, 40.747754]"
3582,"[-73.984417, 40.774795]"
3578,"[-73.876167, 40.772116]"
3577,"[-74.00522, 40.720639]"
3575,"[-73.89143, 40.76631]"
3571,"[-73.990297, 40.70075]"
3570,"[-73.959106, 40.75803]"
3566,"[-73.984, 40.785417]"
3565,"[-74.009834, 40.736949]"
3562,"[-73.894692, 40.745018]"
3553,"[-73.929688, 40.783487]"
3552,"[-73.964188, 40.792384]"
3550,"[-73.979794, 40.769496]"
3546,"[-73.92061, 40.734904]"
3532,"[-73.996072, 40.71624]"
3523,"[-73.87628, 40.77307]"
3522,"[-73.790946, 40.661924]"
3518,"[-73.981119, 40.791463]"
3517,"[-73.963587, 40.81584]"
3515,"[-73.86556, 40.769433]"
3515,"[-73.968242, 40.772804]"
3513,"[-73.987968, 40.723942]"
3505,"[-73.777288, 40.646575]"
3505,"[-73.996204, 40.748428]"
3499,"[-74.00992, 40.735974]"
3497,"[-73.939802, 40.785757]"
3496,"[-73.982216, 40.745786]"
3493,"[-73.993755, 40.72565]"
3492,"[-73.992906, 40.719902]"
3488,"[-73.983706, 40.760463]"
3487,"[-73.97871, 40.71138]"
3485,"[-73.993868, 40.720197]"
3485,"[-73.980395, 40.754155]"
3476,"[-73.972507, 40.759019]"
3472,"[-73.997761, 40.756488]"
3470,"[-73.923257, 40.733798]"
3465,"[-73.859177, 40.761607]"
3464,"[-73.997655, 40.720836]"
3462,"[-73.97177, 40.72868]"
3461,"[-73.844992, 40.739456]"
3460,"[-73.951336, 40.715656]"
3460,"[-73.966576, 40.761555]"
3459,"[-73.979972, 40.760525]"
3457,"[-73.98318, 40.750341]"
3454,"[-73.951235, 40.715579]"
3452,"[-73.992242, 40.764058]"
3451,"[-73.997494, 40.708947]"
3448,"[-73.964019, 40.752909]"
3446,"[-73.846538, 40.743725]"
3446,"[-73.952418, 40.741258]"
3444,"[-73.979905, 40.783816]"
3442,"[-73.978991, 40.771719]"
3440,"[-74.005344, 40.740946]"
3434,"[-73.967027, 40.793542]"
3434,"[-73.975038, 40.73628]"
3421,"[-73.953976, 40.77883]"
3418,"[-73.957868, 40.759647]"
3413,"[-73.983127, 40.744535]"
3411,"[-73.922949, 40.774619]"
3410,"[-73.983896, 40.74649]"
3409,"[-73.986013, 40.75734]"
3407,"[-74.001988, 40.740444]"
3404,"[-73.930224, 40.802712]"
3404,"[-73.9997, 40.75893]"
3401,"[-73.971404, 40.763598]"
3399,"[-73.98906, 40.71871]"
3398,"[-73.981306, 40.741344]"
3398,"[-73.935333, 40.834593]"
3395,"[-73.923331, 40.733721]"
3392,"[-73.976791, 40.746036]"
3388,"[-73.850485, 40.737613]"
3387,"[-73.970281, 40.768025]"
3383,"[-73.968149, 40.772809]"
3381,"[-74.008537, 40.743169]"
3380,"[-73.976064, 40.79617]"
3380,"[-73.984348, 40.785919]"
3380,"[-74.012276, 40.720335]"
3373,"[-73.845008, 40.739925]"
3372,"[-73.903484, 40.726168]"
3371,"[-74.002683, 40.728337]"
3370,"[-73.844115, 40.739936]"
3369,"[-73.978678, 40.794086]"
3368,"[-73.990968, 40.745421]"
3359,"[-73.889741, 40.766587]"
3358,"[-73.975545, 40.776041]"
3356,"[-74.006693, 40.754361]"
3352,"[-73.95213, 40.765279]"
3351,"[-73.942581, 40.776562]"
3349,"[-73.882857, 40.768625]"
3345,"[-73.843977, 40.739459]"
3334,"[-73.979517, 40.761142]"
3332,"[-73.972559, 40.753309]"
3331,"[-74.01549, 40.701879]"
3329,"[-73.921309, 40.734719]"
3328,"[-74.016631, 40.704871]"
3325,"[-73.981568, 40.749669]"
3324,"[-73.981341, 40.758645]"
3319,"[-74.013934, 40.713801]"
3316,"[-73.982202, 40.74011]"
3314,"[-73.992318, 40.743568]"
3309,"[-73.991856, 40.726419]"
3304,"[-74.005772, 40.737195]"
3301,"[-73.894237, 40.725365]"
3299,"[-73.98105, 40.688941]"
3296,"[-73.981991, 40.768597]"
3291,"[-73.958211, 40.759639]"
3290,"[-74.009851, 40.739297]"
3289,"[-73.996976, 40.731414]"
3287,"[-73.994665, 40.770805]"
3285,"[-73.976624, 40.795793]"
3281,"[-73.922035, 40.733302]"
3278,"[-73.999962, 40.726892]"
3278,"[-73.945602, 40.841333]"
3278,"[-73.974116, 40.730613]"
3273,"[-73.973162, 40.739468]"
3270,"[-73.960853, 40.710243]"
3262,"[-73.980909, 40.73788]"
3260,"[-73.995446, 40.739272]"
3259,"[-73.975394, 40.745442]"
3259,"[-73.977224, 40.771722]"
3259,"[-73.802281, 40.663161]"
3258,"[-73.955027, 40.741533]"
3256,"[-73.988265, 40.749116]"
3254,"[-74.001996, 40.755789]"
3250,"[-73.989936, 40.73543]"
3249,"[-73.977669, 40.752373]"
3249,"[-73.951032, 40.766511]"
3247,"[-73.973985, 40.731232]"
3243,"[-73.952668, 40.786602]"
3241,"[-73.971983, 40.769604]"
3239,"[-73.975456, 40.755353]"
3232,"[-73.977685, 40.763646]"
3228,"[-73.970646, 40.745532]"
3225,"[-73.978591, 40.745056]"
3221,"[-74.002071, 40.760716]"
3213,"[-73.930754, 40.801413]"
3212,"[-73.929879, 40.79545]"
3204,"[-74.010119, 40.738517]"
3184,"[-73.969902, 40.76297]"
3184,"[-73.958261, 40.789849]"
3181,"[-73.92309, 40.734061]"
3177,"[-73.974088, 40.757223]"
3176,"[-73.977082, 40.752127]"
3175,"[-73.983621, 40.749724]"
3170,"[-74.014729, 40.709827]"
3167,"[-74.007076, 40.754234]"
3166,"[-73.999148, 40.754586]"
3163,"[-73.830923, 40.717093]"
3161,"[-73.979533, 40.768292]"
3160,"[-73.943155, 40.774662]"
3152,"[-73.971594, 40.781968]"
3150,"[-73.924258, 40.735203]"
3149,"[-73.987261, 40.776029]"
3146,"[-73.922828, 40.732938]"
3144,"[-73.992562, 40.724053]"
3142,"[-73.93042, 40.794674]"
3142,"[-73.975912, 40.774066]"
3141,"[-73.970341, 40.752379]"
3139,"[-73.980369, 40.789939]"
3137,"[-73.975105, 40.718764]"
3136,"[-73.957216, 40.760247]"
3135,"[-73.990276, 40.756567]"
3130,"[-73.942614, 40.775359]"
3129,"[-73.9444, 40.781323]"
3124,"[-73.986101, 40.762294]"
3123,"[-73.870062, 40.771917]"
3117,"[-73.990646, 40.730615]"
3112,"[-73.959233, 40.742189]"
3112,"[-73.981448, 40.786184]"
3108,"[-73.930304, 40.802929]"
3106,"[-73.972362, 40.756498]"
3096,"[-73.949194, 40.741644]"
3096,"[-73.969372, 40.757694]"
3094,"[-73.956888, 40.760824]"
3093,"[-73.974816, 40.755897]"
3093,"[-73.970163, 40.768767]"
3090,"[-73.934738, 40.8115]"
3089,"[-74.005315, 40.728601]"
3088,"[-73.955049, 40.769104]"
3088,"[-73.944773, 40.740744]"
3083,"[-73.975137, 40.736376]"
3081,"[-73.999014, 40.734147]"
3075,"[-73.964724, 40.783603]"
3074,"[-73.944185, 40.782627]"
3073,"[-73.993739, 40.741617]"
3072,"[-74.013358, 40.714629]"
3072,"[-73.979982, 40.739173]"
3071,"[-73.982357, 40.762334]"
3071,"[-73.927197, 40.728949]"
3071,"[-73.892386, 40.725346]"
3066,"[-73.991921, 40.731166]"
3062,"[-73.977726, 40.742276]"
3062,"[-73.973497, 40.80182]"
3060,"[-73.979154, 40.750265]"
3058,"[-73.983814, 40.740787]"
3056,"[-73.96281, 40.791719]"
3050,"[-73.969681, 40.762877]"
3047,"[-74.011334, 40.714922]"
3047,"[-73.894504, 40.745604]"
3046,"[-73.935198, 40.834554]"
3045,"[-73.999091, 40.70849]"
3040,"[-73.979483, 40.755405]"
3039,"[-74.004059, 40.713135]"
3039,"[-73.963843, 40.765309]"
3037,"[-73.976674, 40.754347]"
3034,"[-73.973406, 40.769184]"
3029,"[-73.972713, 40.769539]"
3029,"[-73.963355, 40.791896]"
3027,"[-73.975999, 40.796197]"
3020,"[-73.978912, 40.793864]"
3017,"[-74.004067, 40.70745]"
3014,"[-73.942796, 40.775001]"
3010,"[-73.980984, 40.764219]"
3010,"[-73.953049, 40.737883]"
3003,"[-73.964501, 40.758976]"
2999,"[-73.981798, 40.758016]"
2994,"[-73.952268, 40.74091]"
2993,"[-73.962374, 40.791578]"
2992,"[-73.984473, 40.742684]"
2990,"[-73.981665, 40.767503]"
2990,"[-73.886499, 40.767008]"
2989,"[-74.009667, 40.712736]"
2987,"[-73.791697, 40.65604]"
2985,"[-73.970804, 40.751748]"
2981,"[-73.944125, 40.781503]"
2975,"[-73.949331, 40.785194]"
2962,"[-73.920054, 40.735238]"
2954,"[-73.992644, 40.724231]"
2949,"[-73.96865, 40.747451]"
2948,"[-73.87038, 40.772685]"
2939,"[-73.987018, 40.761037]"
2938,"[-73.984321, 40.769841]"
2936,"[-73.977863, 40.788887]"
2933,"[-73.979668, 40.793062]"
2932,"[-73.982011, 40.789657]"
2932,"[-73.903512, 40.726062]"
2924,"[-73.975537, 40.716505]"
2915,"[-73.97419, 40.753994]"
2914,"[-73.888843, 40.766739]"
2903,"[-73.906796, 40.736819]"
2897,"[-73.957453, 40.761796]"
2897,"[-73.975224, 40.774769]"
2893,"[-73.975412, 40.774621]"
2892,"[-73.979317, 40.711081]"
2891,"[-73.97236, 40.762289]"
2889,"[-74.001369, 40.746508]"
2885,"[-73.87653, 40.77209]"
2884,"[-73.985492, 40.747168]"
2878,"[-73.952412, 40.786494]"
2877,"[-73.887528, 40.766983]"
2873,"[-73.997307, 40.757111]"
2871,"[-73.942878, 40.775064]"
2871,"[-74.00765, 40.748184]"
2870,"[-73.974967, 40.736855]"
2868,"[-73.869832, 40.771386]"
2867,"[-73.780211, 40.645636]"
2865,"[-73.978031, 40.72944]"
2864,"[-73.97227, 40.759729]"
2863,"[-73.974908, 40.736129]"
2863,"[-73.962535, 40.816437]"
2861,"[-73.999264, 40.759517]"
2860,"[-73.820415, 40.709578]"
2857,"[-73.972553, 40.764898]"
2850,"[-73.983122, 40.734846]"
2850,"[-73.993956, 40.751515]"
2849,"[-73.982378, 40.768028]"
2847,"[-73.967035, 40.747457]"
2846,"[-73.982058, 40.778792]"
2842,"[-73.933789, 40.75158]"
2841,"[-73.98219, 40.768494]"
2836,"[-73.982324, 40.773922]"
2835,"[-73.982477, 40.764037]"
2834,"[-73.894657, 40.744532]"
2833,"[-73.862101, 40.767405]"
2822,"[-73.978116, 40.757284]"
2822,"[-73.975862, 40.796225]"
2817,"[-73.80105, 40.671269]"
2811,"[-73.96867, 40.767345]"
2810,"[-73.978784, 40.771698]"
2800,"[-73.973015, 40.764279]"
2799,"[-73.99112, 40.750312]"
2798,"[-73.89478, 40.725392]"
2796,"[-73.991375, 40.739089]"
2792,"[-73.920714, 40.73524]"
2792,"[-73.987543, 40.719831]"
2790,"[-73.929478, 40.795908]"
2787,"[-73.985486, 40.741483]"
2786,"[-73.854155, 40.757775]"
2786,"[-73.994593, 40.740442]"
2779,"[-73.945679, 40.740965]"
2778,"[-74.003626, 40.71365]"
2778,"[-73.988648, 40.742817]"
2777,"[-74.008871, 40.742463]"
2776,"[-74.004786, 40.723625]"
2772,"[-73.981775, 40.746401]"
2768,"[-73.806383, 40.652305]"
2759,"[-73.983624, 40.755516]"
2758,"[-74.016637, 40.704713]"
2757,"[-74.015621, 40.707751]"
2755,"[-73.974797, 40.736224]"
2755,"[-73.981994, 40.765452]"
2754,"[-73.98504, 40.753559]"
2754,"[-73.990134, 40.751659]"
2753,"[-73.972176, 40.786487]"
2753,"[-73.953894, 40.74121]"
2752,"[-74.016626, 40.708134]"
2745,"[-73.999341, 40.708108]"
2743,"[-73.943482, 40.750491]"
2742,"[-73.978657, 40.767643]"
2742,"[-73.991426, 40.731825]"
2740,"[-74.011474, 40.724219]"
2740,"[-73.987745, 40.744067]"
2740,"[-73.986586, 40.710494]"
2740,"[-73.916717, 40.7702]"
2738,"[-73.975649, 40.774364]"
2732,"[-73.986413, 40.740212]"
2728,"[-73.991415, 40.744807]"
2727,"[-73.968178, 40.747989]"
2727,"[-73.951739, 40.777887]"
2724,"[-73.994759, 40.727822]"
2722,"[-73.967979, 40.747905]"
2721,"[-73.989399, 40.709973]"
2721,"[-73.986146, 40.743391]"
2720,"[-73.987888, 40.754755]"
2719,"[-74.015638, 40.704945]"
2712,"[-73.945257, 40.778483]"
2711,"[-73.929489, 40.801003]"
2705,"[-73.899255, 40.758994]"
2703,"[-73.990518, 40.746038]"
2701,"[-73.976058, 40.773846]"
2699,"[-73.989617, 40.747277]"
2695,"[-74.015038, 40.709835]"
2693,"[-73.975831, 40.760418]"
2692,"[-73.99312, 40.736691]"
2692,"[-73.994165, 40.741031]"
2687,"[-73.974648, 40.753367]"
2685,"[-73.955838, 40.761183]"
2685,"[-73.972999, 40.802529]"
2684,"[-74.001555, 40.74108]"
2684,"[-73.969158, 40.748155]"
2683,"[-73.962996, 40.815861]"
2679,"[-73.961256, 40.710193]"
2676,"[-73.985488, 40.752935]"
2674,"[-73.937524, 40.738065]"
2672,"[-73.984936, 40.736376]"
2671,"[-73.931195, 40.800779]"
2671,"[-73.974549, 40.737134]"
2669,"[-74.013418, 40.714438]"
2668,"[-73.973848, 40.798466]"
2665,"[-73.985362, 40.735791]"
2664,"[-73.954375, 40.762487]"
2661,"[-73.930894, 40.801389]"
2660,"[-73.971535, 40.780329]"
2660,"[-73.991871, 40.744186]"
2659,"[-73.998873, 40.734839]"
2657,"[-74.007037, 40.74892]"
2657,"[-73.972053, 40.759637]"
2651,"[-73.95834, 40.800373]"
2650,"[-73.981493, 40.768258]"
2649,"[-73.931076, 40.800641]"
2649,"[-74.01422, 40.704633]"
2649,"[-73.987475, 40.760409]"
2646,"[-73.995749, 40.749052]"
2642,"[-73.812269, 40.66666]"
2637,"[-74.000645, 40.720863]"
2633,"[-73.974103, 40.769489]"
2631,"[-73.937169, 40.789588]"
2631,"[-73.999395, 40.708106]"
2628,"[-73.967909, 40.784843]"
2625,"[-73.994262, 40.746005]"
2622,"[-73.981759, 40.740728]"
2616,"[-73.988998, 40.7216]"
2615,"[-73.973412, 40.757771]"
2614,"[-73.982024, 40.74905]"
2612,"[-73.96406, 40.783332]"
2611,"[-73.930648, 40.801511]"
2604,"[-73.891945, 40.766284]"
2603,"[-73.951933, 40.706342]"
2603,"[-73.987239, 40.729192]"
2603,"[-73.962269, 40.781311]"
2602,"[-73.852773, 40.758231]"
2602,"[-73.969431, 40.749324]"
2599,"[-73.942535, 40.776941]"
2598,"[-73.973571, 40.779478]"
2597,"[-73.979815, 40.711058]"
2594,"[-73.978344, 40.748294]"
2585,"[-73.900048, 40.73978]"
2583,"[-73.962363, 40.754865]"
2581,"[-73.861959, 40.767915]"
2580,"[-73.982088, 40.767675]"
2580,"[-74.013808, 40.701248]"
2578,"[-73.943556, 40.84446]"
2576,"[-74.003084, 40.727834]"
2574,"[-73.990531, 40.740249]"
2569,"[-74.005747, 40.736677]"
2568,"[-73.986846, 40.745301]"
2566,"[-73.916543, 40.735507]"
2563,"[-74.015953, 40.706677]"
2560,"[-73.980761, 40.747716]"
2559,"[-73.988194, 40.743451]"
2554,"[-73.990364, 40.700765]"
2551,"[-73.974915, 40.761667]"
2550,"[-74.01358, 40.701175]"
2550,"[-73.988843, 40.758532]"
2545,"[-73.899862, 40.756197]"
2536,"[-73.92947, 40.799293]"
2536,"[-73.820043, 40.664922]"
2527,"[-73.964646, 40.752447]"
2524,"[-73.951661, 40.741216]"
2523,"[-73.870353, 40.773379]"
2522,"[-73.984269, 40.764798]"
2522,"[-73.846468, 40.742759]"
2516,"[-74.005314, 40.736611]"
2516,"[-73.979683, 40.769685]"
2516,"[-73.987098, 40.72254]"
2514,"[-73.982724, 40.750959]"
2513,"[-73.989483, 40.730133]"
2507,"[-73.93412, 40.817494]"
2507,"[-73.981504, 40.696912]"
2507,"[-73.981446, 40.747128]"
2503,"[-73.976289, 40.759787]"
2502,"[-73.943329, 40.774302]"
2498,"[-74.011702, 40.690875]"
2496,"[-73.943786, 40.78296]"
2496,"[-74.004356, 40.711312]"
2495,"[-73.989688, 40.752289]"
2494,"[-73.988913, 40.696108]"
2493,"[-73.942458, 40.77646]"
2492,"[-73.951018, 40.766542]"
2492,"[-73.921743, 40.796922]"
2482,"[-73.970736, 40.755818]"
2482,"[-73.975907, 40.754721]"
2482,"[-73.929256, 40.783106]"
2478,"[-73.864471, 40.767358]"
2477,"[-73.968181, 40.762236]"
2476,"[-73.988985, 40.699865]"
2475,"[-73.930517, 40.803122]"
2474,"[-73.977781, 40.712449]"
2474,"[-73.988578, 40.72285]"
2474,"[-73.979951, 40.743207]"
2472,"[-73.999445, 40.733557]"
2471,"[-73.980531, 40.764839]"
2469,"[-73.987575, 40.765367]"
2469,"[-74.009588, 40.702011]"
2465,"[-73.983939, 40.784662]"
2462,"[-73.972386, 40.742363]"
2461,"[-74.016731, 40.704787]"
2455,"[-73.919858, 40.735059]"
2450,"[-73.985419, 40.783678]"
2449,"[-73.900195, 40.739815]"
2446,"[-73.997896, 40.754538]"
2446,"[-73.89482, 40.744236]"
2445,"[-73.984904, 40.784627]"
2443,"[-73.972718, 40.759104]"
2441,"[-73.807179, 40.686025]"
2439,"[-73.987447, 40.755373]"
2431,"[-73.962922, 40.758313]"
2429,"[-73.992693, 40.724098]"
2429,"[-73.976092, 40.79687]"
2428,"[-73.97409, 40.730654]"
2426,"[-73.865881, 40.769182]"
2426,"[-73.978557, 40.715373]"
2426,"[-73.975104, 40.735233]"
2422,"[-73.944203, 40.781133]"
2422,"[-73.826097, 40.715472]"
2419,"[-73.988335, 40.75413]"
2413,"[-73.863929, 40.769682]"
2411,"[-73.999061, 40.720044]"
2409,"[-73.984509, 40.736962]"
2408,"[-73.98113, 40.779292]"
2408,"[-74.017398, 40.708457]"
2406,"[-74.003539, 40.732179]"
2404,"[-73.987672, 40.728595]"
2402,"[-73.974485, 40.74667]"
2401,"[-74.013583, 40.701245]"
2400,"[-73.971407, 40.781467]"
2400,"[-73.963388, 40.765932]"
2396,"[-73.954245, 40.766181]"
2395,"[-73.997501, 40.749397]"
2395,"[-73.841372, 40.74166]"
2394,"[-73.994932, 40.714737]"
2394,"[-73.958862, 40.709552]"
2392,"[-73.942645, 40.775577]"
2392,"[-73.982807, 40.761719]"
2390,"[-73.978508, 40.794957]"
2387,"[-73.97827, 40.794356]"
2385,"[-73.992225, 40.737917]"
2378,"[-73.977637, 40.752342]"
2375,"[-73.958248, 40.815657]"
2372,"[-73.991227, 40.760355]"
2370,"[-73.971591, 40.760275]"
2370,"[-73.80193, 40.665771]"
2368,"[-73.974806, 40.736937]"
2367,"[-73.994636, 40.765886]"
2366,"[-73.942091, 40.784299]"
2360,"[-74.015325, 40.707064]"
2360,"[-73.890683, 40.72582]"
2359,"[-73.998812, 40.723021]"
2358,"[-73.976607, 40.788361]"
2354,"[-73.988168, 40.718619]"
2350,"[-73.961581, 40.791231]"
2349,"[-74.010121, 40.720117]"
2349,"[-73.995062, 40.769333]"
2349,"[-73.973512, 40.743782]"
2348,"[-74.007816, 40.74822]"
2344,"[-73.935318, 40.860055]"
2340,"[-73.983248, 40.78716]"
2339,"[-73.874091, 40.772606]"
2337,"[-74.015302, 40.701785]"
2336,"[-73.875668, 40.773486]"
2336,"[-73.991177, 40.75533]"
2335,"[-73.785884, 40.646479]"
2335,"[-73.988943, 40.76349]"
2332,"[-73.931077, 40.8013]"
2331,"[-73.956257, 40.81337]"
2330,"[-73.999606, 40.708622]"
2329,"[-73.970992, 40.758375]"
2329,"[-73.981573, 40.773602]"
2316,"[-74.001552, 40.70694]"
2313,"[-73.943788, 40.815331]"
2310,"[-73.99516, 40.744765]"
2309,"[-74.001178, 40.761865]"
2308,"[-73.950743, 40.78326]"
2308,"[-73.985202, 40.763528]"
2305,"[-73.968029, 40.772807]"
2304,"[-73.944416, 40.782093]"
2304,"[-73.988359, 40.720078]"
2304,"[-73.966488, 40.767243]"
2298,"[-73.972965, 40.75839]"
2296,"[-73.943505, 40.783333]"
2293,"[-73.930597, 40.801413]"
2293,"[-74.00519, 40.711983]"
2289,"[-73.995296, 40.749674]"
2289,"[-73.989383, 40.691027]"
2288,"[-73.938366, 40.787403]"
2288,"[-73.971526, 40.743699]"
2287,"[-73.982473, 40.748432]"
2281,"[-73.944688, 40.78331]"
2280,"[-73.972099, 40.765518]"
2279,"[-73.998972, 40.74463]"
2277,"[-73.922443, 40.735374]"
2276,"[-73.949101, 40.836564]"
2276,"[-73.907384, 40.768811]"
2274,"[-73.885303, 40.767637]"
2272,"[-73.989833, 40.735313]"
2271,"[-73.968186, 40.748057]"
2267,"[-73.983827, 40.765415]"
2265,"[-73.957306, 40.780234]"
2265,"[-73.972982, 40.765112]"
2264,"[-73.798963, 40.645224]"
2261,"[-74.004475, 40.733798]"
2260,"[-74.000903, 40.70959]"
2260,"[-73.978783, 40.753481]"
2258,"[-73.974648, 40.736735]"
2258,"[-73.872205, 40.774206]"
2256,"[-73.801921, 40.674748]"
2255,"[-74.001129, 40.741668]"
2255,"[-74.002136, 40.715177]"
2254,"[-73.974597, 40.769729]"
2253,"[-73.998329, 40.760828]"
2248,"[-74.008275, 40.750256]"
2246,"[-74.012205, 40.70135]"
2245,"[-74.0068, 40.719782]"
2245,"[-73.999362, 40.746146]"
2244,"[-73.970398, 40.779614]"
2243,"[-73.97501, 40.787685]"
2242,"[-74.009624, 40.739354]"
2241,"[-73.998612, 40.732215]"
2240,"[-73.980503, 40.748415]"
2239,"[-73.968646, 40.748263]"
2237,"[-74.01673, 40.70471]"
2233,"[-73.990459, 40.771621]"
2227,"[-73.996051, 40.716052]"
2227,"[-73.996129, 40.743431]"
2226,"[-73.943781, 40.783365]"
2226,"[-73.997098, 40.708837]"
2222,"[-73.975558, 40.752116]"
2222,"[-73.961242, 40.755716]"
2221,"[-73.990067, 40.746659]"
2216,"[-73.92908, 40.799034]"
2214,"[-73.960589, 40.761489]"
2213,"[-73.973969, 40.731157]"
2212,"[-73.786714, 40.644556]"
2212,"[-74.005361, 40.718299]"
2209,"[-73.988682, 40.6963]"
2209,"[-73.984579, 40.742728]"
2208,"[-74.011569, 40.704249]"
2207,"[-74.006113, 40.723791]"
2207,"[-73.794659, 40.666521]"
2205,"[-73.974604, 40.799995]"
2204,"[-74.009665, 40.724924]"
2204,"[-73.991633, 40.754707]"
2201,"[-73.973014, 40.752682]"
2200,"[-74.022909, 40.766535]"
2198,"[-73.877838, 40.771457]"
2198,"[-73.995084, 40.765254]"
2198,"[-73.935065, 40.809726]"
2197,"[-73.990633, 40.699928]"
2197,"[-73.885871, 40.767197]"
2197,"[-73.894512, 40.745015]"
2195,"[-73.979882, 40.735019]"
2195,"[-73.963994, 40.783294]"
2195,"[-73.956923, 40.760714]"
2194,"[-74.009222, 40.74091]"
2194,"[-73.870582, 40.772347]"
2192,"[-73.982337, 40.789026]"
2192,"[-74.00232, 40.75022]"
2192,"[-73.879856, 40.728702]"
2190,"[-73.976516, 40.754974]"
2190,"[-73.996925, 40.76275]"
2190,"[-73.964793, 40.755756]"
2188,"[-73.952049, 40.741041]"
2188,"[-73.986393, 40.745921]"
2186,"[-73.976312, 40.773424]"
2186,"[-73.975168, 40.736235]"
2186,"[-73.955581, 40.779507]"
2185,"[-73.79103, 40.665206]"
2185,"[-73.929515, 40.799491]"
2184,"[-73.964702, 40.752019]"
2184,"[-73.93137, 40.800922]"
2180,"[-73.959774, 40.779542]"
2180,"[-73.99505, 40.734034]"
2180,"[-73.94937, 40.776888]"
2177,"[-73.785784, 40.646401]"
2177,"[-73.976045, 40.757232]"
2175,"[-73.961959, 40.759619]"
2174,"[-73.977417, 40.755354]"
2173,"[-73.971713, 40.750494]"
2173,"[-73.980953, 40.747797]"
2173,"[-73.975343, 40.741274]"
2172,"[-73.987502, 40.724584]"
2168,"[-73.967609, 40.756129]"
2167,"[-73.975887, 40.746881]"
2167,"[-73.953079, 40.810094]"
2166,"[-73.957414, 40.770106]"
2161,"[-73.97558, 40.775375]"
2160,"[-73.956106, 40.788056]"
2159,"[-73.99078, 40.728358]"
2159,"[-74.015805, 40.707053]"
2155,"[-73.975851, 40.753674]"
2155,"[-73.975088, 40.717332]"
2152,"[-73.989402, 40.762862]"
2152,"[-73.989944, 40.735102]"
2151,"[-74.000954, 40.731706]"
2150,"[-73.870176, 40.771663]"
2150,"[-73.871467, 40.771687]"
2148,"[-73.987301, 40.744678]"
2147,"[-73.978521, 40.711502]"
2147,"[-73.987667, 40.738292]"
2143,"[-73.988549, 40.722982]"
2142,"[-73.945189, 40.751114]"
2139,"[-73.942931, 40.850954]"
2138,"[-73.879828, 40.769737]"
2137,"[-73.973925, 40.751429]"
2137,"[-73.939923, 40.722763]"
2134,"[-73.969431, 40.753624]"
2134,"[-73.986458, 40.75671]"
2134,"[-73.965445, 40.765984]"
2132,"[-74.01304, 40.717242]"
2129,"[-73.792779, 40.65744]"
2121,"[-73.994018, 40.756532]"
2116,"[-74.00935, 40.728981]"
2115,"[-73.887238, 40.767051]"
2114,"[-73.921691, 40.796628]"
2114,"[-73.975027, 40.73672]"
2114,"[-73.854013, 40.759383]"
2113,"[-73.992911, 40.747855]"
2107,"[-73.94794, 40.770013]"
2106,"[-73.999769, 40.734339]"
2104,"[-73.980483, 40.79234]"
2103,"[-73.988769, 40.699839]"
2102,"[-73.996091, 40.667301]"
2101,"[-73.993362, 40.747236]"
2101,"[-73.993147, 40.727867]"
2101,"[-73.994069, 40.761552]"
2101,"[-74.016723, 40.704878]"
2100,"[-73.929865, 40.785543]"
2100,"[-73.960935, 40.709781]"
2099,"[-73.994812, 40.718458]"
2098,"[-73.785162, 40.643165]"
2096,"[-73.859459, 40.76186]"
2095,"[-73.906301, 40.737]"
2093,"[-73.785329, 40.646161]"
2092,"[-73.86898, 40.770574]"
2092,"[-74.011193, 40.710369]"
2092,"[-73.982295, 40.772633]"
2092,"[-74.007034, 40.75379]"
2087,"[-73.987166, 40.714802]"
2087,"[-73.997805, 40.736032]"
2086,"[-73.977875, 40.754728]"
2086,"[-74.005355, 40.722227]"
2086,"[-73.974771, 40.721619]"
2086,"[-74.013815, 40.701178]"
2079,"[-73.967508, 40.802899]"
2078,"[-73.985682, 40.738213]"
2078,"[-73.951721, 40.829582]"
2077,"[-73.970416, 40.768811]"
2073,"[-73.98687, 40.699961]"
2071,"[-73.958023, 40.800806]"
2070,"[-73.942992, 40.751679]"
2068,"[-73.967175, 40.766714]"
2066,"[-73.999865, 40.727008]"
2065,"[-74.001882, 40.750828]"
2064,"[-73.993982, 40.720305]"
2064,"[-73.969438, 40.763582]"
2064,"[-74.015775, 40.707746]"
2062,"[-73.998806, 40.717195]"
2060,"[-73.986618, 40.700627]"
2060,"[-73.87659, 40.773077]"
2059,"[-73.994445, 40.769732]"
2058,"[-74.000066, 40.732929]"
2057,"[-73.957059, 40.78013]"
2053,"[-73.994709, 40.745383]"
2053,"[-73.962669, 40.75485]"
2052,"[-73.99007, 40.74088]"
2052,"[-73.92457, 40.792006]"
2050,"[-73.979727, 40.69637]"
2046,"[-73.998838, 40.749561]"
2045,"[-73.974224, 40.759739]"
2045,"[-73.975575, 40.775265]"
2045,"[-73.981123, 40.750282]"
2041,"[-73.999853, 40.721792]"
2041,"[-73.971401, 40.769948]"
2041,"[-73.984046, 40.761429]"
2038,"[-73.993813, 40.746618]"
2035,"[-74.016375, 40.710085]"
2029,"[-73.786148, 40.647282]"
2028,"[-73.988065, 40.779447]"
2024,"[-74.003236, 40.748974]"
2023,"[-73.977346, 40.771604]"
2021,"[-73.974283, 40.796602]"
2020,"[-73.947803, 40.770291]"
2019,"[-73.874558, 40.772074]"
2018,"[-73.973276, 40.755243]"
2018,"[-73.994209, 40.724622]"
2015,"[-73.969825, 40.768646]"
2015,"[-73.981522, 40.768287]"
2014,"[-73.976435, 40.788287]"
2013,"[-73.900519, 40.739466]"
2013,"[-73.799052, 40.645114]"
2012,"[-73.93015, 40.785184]"
2012,"[-73.971452, 40.757748]"
2012,"[-73.939872, 40.785521]"
2011,"[-73.978609, 40.71159]"
2011,"[-73.966948, 40.766618]"
2010,"[-73.954245, 40.741628]"
2009,"[-73.979869, 40.769351]"
2007,"[-73.966232, 40.758022]"
2007,"[-74.006811, 40.744061]"
2005,"[-73.971959, 40.72641]"
2005,"[-73.903686, 40.767932]"
2003,"[-74.011235, 40.724276]"
1998,"[-73.958713, 40.772339]"
1996,"[-73.962472, 40.767188]"
1996,"[-73.985648, 40.762916]"
1995,"[-73.983638, 40.738158]"
1995,"[-73.963165, 40.710216]"
1993,"[-73.970143, 40.762251]"
1992,"[-73.997434, 40.741642]"
1991,"[-73.985046, 40.747773]"
1991,"[-73.983377, 40.766032]"
1990,"[-73.979407, 40.749566]"
1990,"[-73.984758, 40.78504]"
1989,"[-73.971859, 40.762978]"
1989,"[-74.000653, 40.710828]"
1986,"[-73.999973, 40.734688]"
1982,"[-74.016473, 40.704069]"
1980,"[-73.941931, 40.700725]"
1980,"[-73.975791, 40.746883]"
1978,"[-74.007705, 40.742834]"
1975,"[-73.964201, 40.791561]"
1974,"[-73.865439, 40.769366]"
1974,"[-73.996351, 40.732255]"
1974,"[-73.971531, 40.743761]"
1974,"[-74.00793, 40.723758]"
1974,"[-73.969522, 40.747858]"
1973,"[-73.780205, 40.64559]"
1972,"[-73.993243, 40.730954]"
1971,"[-73.894556, 40.765355]"
1969,"[-73.977873, 40.753098]"
1968,"[-73.981993, 40.768891]"
1967,"[-73.999185, 40.739243]"
1967,"[-74.006279, 40.733743]"
1966,"[-73.982275, 40.751577]"
1966,"[-73.973627, 40.757861]"
1965,"[-73.920005, 40.797577]"
1965,"[-73.976744, 40.759165]"
1964,"[-73.980992, 40.697342]"
1961,"[-73.978798, 40.719886]"
1961,"[-73.959311, 40.780173]"
1959,"[-73.973465, 40.763659]"
1957,"[-73.967855, 40.751541]"
1953,"[-73.987355, 40.738918]"
1952,"[-73.865607, 40.769048]"
1952,"[-73.96861, 40.772695]"
1951,"[-73.990205, 40.719259]"
1948,"[-73.953636, 40.810327]"
1947,"[-73.969542, 40.748141]"
1945,"[-74.008634, 40.71139]"
1943,"[-73.982826, 40.763355]"
1942,"[-74.001684, 40.730581]"
1941,"[-73.961252, 40.709554]"
1940,"[-73.970762, 40.74754]"
1940,"[-73.954942, 40.777506]"
1939,"[-73.977284, 40.742897]"
1938,"[-73.976988, 40.766602]"
1937,"[-73.968203, 40.747879]"
1936,"[-73.786779, 40.645203]"
1934,"[-73.963117, 40.760467]"
1933,"[-73.990075, 40.700092]"
1931,"[-73.993755, 40.771325]"
1931,"[-73.964354, 40.792468]"
1931,"[-73.985307, 40.727599]"
1929,"[-74.004433, 40.742289]"
1928,"[-74.012043, 40.72031]"
1927,"[-73.93069, 40.845392]"
1925,"[-74.001322, 40.762069]"
1924,"[-73.95337, 40.699405]"
1924,"[-73.785585, 40.65064]"
1923,"[-73.983231, 40.744578]"
1923,"[-73.94759, 40.771072]"
1923,"[-73.975548, 40.796341]"
1921,"[-73.999474, 40.733578]"
1920,"[-73.987289, 40.750458]"
1919,"[-74.003157, 40.744056]"
1919,"[-73.876048, 40.770806]"
1918,"[-73.976987, 40.750156]"
1917,"[-73.88203, 40.63356]"
1917,"[-73.978566, 40.756654]"
1913,"[-73.997716, 40.7515]"
1912,"[-73.988787, 40.753517]"
1912,"[-73.963871, 40.757008]"
1910,"[-73.923336, 40.733205]"
1910,"[-73.993264, 40.767741]"
1910,"[-73.944071, 40.782733]"
1907,"[-73.987735, 40.775384]"
1906,"[-73.93834, 40.787238]"
1906,"[-73.968419, 40.772765]"
1905,"[-73.995018, 40.73986]"
1904,"[-73.975208, 40.717365]"
1903,"[-74.010679, 40.729843]"
1901,"[-73.950493, 40.71611]"
1900,"[-73.905602, 40.807553]"
1896,"[-73.799982, 40.662619]"
1896,"[-73.966716, 40.767339]"
1895,"[-73.973471, 40.752054]"
1895,"[-73.999653, 40.73407]"
1894,"[-74.006251, 40.717085]"
1893,"[-73.970282, 40.756442]"
1893,"[-73.955769, 40.78791]"
1892,"[-73.980581, 40.783207]"
1889,"[-73.954703, 40.765554]"
1889,"[-74.004792, 40.756966]"
1888,"[-73.949942, 40.772066]"
1888,"[-73.998851, 40.689589]"
1888,"[-74.010872, 40.726176]"
1886,"[-73.966116, 40.762186]"
1886,"[-73.917221, 40.770309]"
1886,"[-73.781684, 40.646906]"
1885,"[-73.931736, 40.841585]"
1883,"[-73.967691, 40.751346]"
1883,"[-73.981424, 40.767753]"
1882,"[-73.981957, 40.768536]"
1881,"[-73.973766, 40.760364]"
1880,"[-73.997128, 40.722304]"
1880,"[-74.007958, 40.740308]"
1879,"[-73.969216, 40.763488]"
1878,"[-73.968767, 40.764118]"
1877,"[-73.968839, 40.773127]"
1877,"[-73.991114, 40.733214]"
1873,"[-73.933302, 40.745021]"
1870,"[-73.989291, 40.757911]"
1865,"[-73.964756, 40.764057]"
1864,"[-73.990728, 40.755949]"
1862,"[-73.947234, 40.722875]"
1861,"[-74.013847, 40.717609]"
1861,"[-74.00143, 40.751445]"
1861,"[-73.986378, 40.699409]"
1859,"[-73.938435, 40.749973]"
1858,"[-74.01476, 40.709725]"
1858,"[-73.9924, 40.730601]"
1857,"[-73.984741, 40.76416]"
1857,"[-73.870386, 40.77142]"
1855,"[-74.015387, 40.707084]"
1853,"[-73.865649, 40.768663]"
1852,"[-73.999987, 40.708298]"
1851,"[-73.982233, 40.767785]"
1850,"[-73.991759, 40.700051]"
1850,"[-74.005172, 40.719019]"
1845,"[-73.99142, 40.729861]"
1844,"[-74.002033, 40.73813]"
1844,"[-73.968457, 40.758954]"
1843,"[-73.995847, 40.726527]"
1842,"[-73.92956, 40.795735]"
1837,"[-73.872532, 40.774206]"
1833,"[-73.980675, 40.750903]"
1832,"[-73.948507, 40.7447]"
1832,"[-73.974009, 40.730849]"
1832,"[-74.016416, 40.704882]"
1831,"[-73.960131, 40.762117]"
1828,"[-74.014264, 40.70131]"
1828,"[-73.985286, 40.723649]"
1827,"[-73.988205, 40.737753]"
1826,"[-73.996324, 40.753406]"
1826,"[-73.988083, 40.769769]"
1824,"[-73.974748, 40.745174]"
1822,"[-74.014867, 40.706504]"
1821,"[-73.944767, 40.783202]"
1819,"[-73.899457, 40.603398]"
1817,"[-73.93112, 40.800683]"
1817,"[-73.930048, 40.800755]"
1817,"[-73.786874, 40.646198]"
1814,"[-74.000651, 40.747067]"
1814,"[-73.972113, 40.753922]"
1814,"[-73.982215, 40.764737]"
1812,"[-73.999454, 40.69318]"
1810,"[-73.79575, 40.664878]"
1805,"[-73.978332, 40.7541]"
1805,"[-74.003624, 40.710952]"
1804,"[-73.97353, 40.731245]"
1802,"[-73.811677, 40.66668]"
1802,"[-74.004371, 40.711264]"
1801,"[-73.965214, 40.763432]"
1800,"[-73.939073, 40.723231]"
1799,"[-73.974893, 40.736259]"
1798,"[-73.96864, 40.761626]"
1797,"[-73.802225, 40.665038]"
1795,"[-73.997007, 40.742228]"
1795,"[-73.979038, 40.744457]"
1794,"[-73.989492, 40.736001]"
1793,"[-73.969828, 40.757067]"
1792,"[-73.902895, 40.7261]"
1791,"[-74.000423, 40.709184]"
1789,"[-73.979387, 40.711184]"
1788,"[-73.974755, 40.735436]"
1787,"[-74.015376, 40.701743]"
1786,"[-74.011446, 40.690369]"
1785,"[-73.966596, 40.753255]"
1784,"[-73.970533, 40.759002]"
1784,"[-73.805285, 40.650963]"
1783,"[-73.89295, 40.725263]"
1782,"[-73.978788, 40.747684]"
1781,"[-73.940821, 40.750877]"
1781,"[-73.98463, 40.75921]"
1781,"[-74.012325, 40.719048]"
1780,"[-73.98041, 40.742586]"
1778,"[-73.985666, 40.780305]"
1778,"[-73.992976, 40.752858]"
1778,"[-74.005407, 40.739413]"
1773,"[-73.986459, 40.659415]"
1771,"[-73.99623, 40.767346]"
1771,"[-73.916558, 40.770043]"
1768,"[-73.976371, 40.744107]"
1768,"[-74.01013, 40.71209]"
1768,"[-73.956616, 40.789071]"
1767,"[-74.001232, 40.731852]"
1767,"[-73.989429, 40.726188]"
1766,"[-73.973393, 40.745609]"
1766,"[-73.965697, 40.754505]"
1765,"[-73.960607, 40.759483]"
1765,"[-73.989062, 40.736576]"
1765,"[-73.967887, 40.751336]"
1762,"[-73.934657, 40.811391]"
1758,"[-73.981549, 40.768537]"
1758,"[-73.993985, 40.709317]"
1757,"[-73.89261, 40.766162]"
1754,"[-73.97746, 40.752279]"
1754,"[-73.971126, 40.760895]"
1752,"[-73.980112, 40.770529]"
1752,"[-73.974588, 40.774714]"
1751,"[-73.971938, 40.729268]"
1751,"[-73.98815, 40.731964]"
1749,"[-73.964989, 40.766607]"
1747,"[-73.991785, 40.764686]"
1743,"[-73.999384, 40.752208]"
1743,"[-74.164187, 40.711604]"
1743,"[-73.850433, 40.662109]"
1742,"[-73.984587, 40.785568]"
1741,"[-73.942487, 40.84902]"
1734,"[-73.984596, 40.754177]"
1733,"[-74.014038, 40.712744]"
1733,"[-73.969902, 40.752983]"
1733,"[-73.962062, 40.763738]"
1732,"[-73.959651, 40.771053]"
1730,"[-74.011159, 40.725977]"
1730,"[-73.986198, 40.698735]"
1729,"[-73.897445, 40.620809]"
1723,"[-74.001962, 40.761295]"
1723,"[-73.930673, 40.801417]"
1722,"[-74.002772, 40.711716]"
1721,"[-73.791932, 40.645087]"
1720,"[-73.786916, 40.645819]"
1719,"[-74.183188, 40.704035]"
1716,"[-73.936042, 40.79107]"
1716,"[-73.79813, 40.644969]"
1713,"[-73.997785, 40.721582]"
1712,"[-73.989596, 40.74155]"
1712,"[-73.864258, 40.767494]"
1710,"[-73.980209, 40.745734]"
1710,"[-73.96899, 40.764212]"
1709,"[-73.786909, 40.645927]"
1708,"[-73.968837, 40.785084]"
1708,"[-73.994981, 40.7603]"
1708,"[-73.978959, 40.750187]"
1706,"[-73.954069, 40.741426]"
1706,"[-73.956974, 40.760787]"
1705,"[-73.976974, 40.754349]"
1705,"[-74.021674, 40.641062]"
1704,"[-74.004919, 40.741681]"
1703,"[-73.979532, 40.766213]"
1700,"[-73.997398, 40.721451]"
1699,"[-74.024782, 40.763765]"
1696,"[-73.970363, 40.762345]"
1693,"[-73.975324, 40.774585]"
1692,"[-73.94248, 40.775761]"
1691,"[-73.876969, 40.771453]"
1690,"[-73.894671, 40.74539]"
1689,"[-73.984459, 40.76078]"
1688,"[-74.007567, 40.752394]"
1687,"[-73.980921, 40.782516]"
1686,"[-74.001317, 40.70966]"
1685,"[-74.015809, 40.711565]"
1685,"[-73.961148, 40.764988]"
1685,"[-73.991723, 40.726363]"
1684,"[-74.000679, 40.674846]"
1683,"[-73.946013, 40.718977]"
1682,"[-73.983945, 40.786249]"
1682,"[-73.929328, 40.79707]"
1681,"[-73.802248, 40.663316]"
1680,"[-73.901171, 40.758786]"
1680,"[-73.987245, 40.738872]"
1679,"[-73.981433, 40.763595]"
1678,"[-73.977532, 40.752254]"
1678,"[-73.994215, 40.770639]"
1677,"[-73.983534, 40.784862]"
1676,"[-73.96918, 40.747859]"
1674,"[-73.981561, 40.74388]"
1673,"[-73.937649, 40.749143]"
1673,"[-73.93772, 40.749525]"
1669,"[-73.979238, 40.747068]"
1668,"[-73.979497, 40.743822]"
1667,"[-74.002398, 40.728249]"
1664,"[-73.974928, 40.774718]"
1663,"[-73.975414, 40.774531]"
1662,"[-73.968065, 40.755504]"
1662,"[-74.009317, 40.724677]"
1661,"[-73.968357, 40.748238]"
1660,"[-73.977457, 40.684052]"
1659,"[-73.968215, 40.767967]"
1659,"[-74.015649, 40.704004]"
1659,"[-74.001877, 40.719406]"
1658,"[-73.780287, 40.64538]"
1657,"[-73.989049, 40.768446]"
1655,"[-73.86648, 40.771214]"
1654,"[-74.008606, 40.732672]"
1653,"[-73.930062, 40.802618]"
1653,"[-73.968085, 40.765469]"
1652,"[-73.982048, 40.771356]"
1651,"[-74.00014, 40.746496]"
1651,"[-73.95924, 40.763366]"
1647,"[-73.932758, 40.724992]"
1646,"[-73.929934, 40.785153]"
1646,"[-74.005535, 40.745816]"
1644,"[-73.98848, 40.746809]"
1643,"[-73.968485, 40.747897]"
1642,"[-74.022052, 40.768064]"
1641,"[-73.98629, 40.699261]"
1640,"[-74.016619, 40.704942]"
1637,"[-73.942879, 40.751364]"
1637,"[-73.792934, 40.657302]"
1636,"[-73.787548, 40.663809]"
1635,"[-73.78798, 40.665142]"
1635,"[-73.998155, 40.7509]"
1633,"[-73.900002, 40.757653]"
1633,"[-73.983869, 40.72142]"
1632,"[-73.982176, 40.778079]"
1632,"[-73.999309, 40.708495]"
1631,"[-74.069392, 40.765208]"
1630,"[-74.006753, 40.713618]"
1630,"[-73.937395, 40.724016]"
1628,"[-73.976061, 40.788995]"
1628,"[-73.994529, 40.769931]"
1627,"[-73.951809, 40.730936]"
1626,"[-73.95693, 40.760749]"
1625,"[-73.992289, 40.72525]"
1622,"[-73.970791, 40.78335]"
1620,"[-74.014438, 40.703152]"
1620,"[-73.787294, 40.6538]"
1616,"[-73.995997, 40.667179]"
1616,"[-73.873795, 40.772547]"
1616,"[-73.930657, 40.845189]"
1615,"[-73.980576, 40.769911]"
1615,"[-73.81789, 40.705762]"
1614,"[-73.999188, 40.734134]"
1614,"[-74.010327, 40.704763]"
1614,"[-73.90773, 40.596885]"
1613,"[-73.991777, 40.709832]"
1609,"[-74.008594, 40.728908]"
1609,"[-73.915833, 40.80283]"
1607,"[-73.969817, 40.74782]"
1607,"[-73.972692, 40.749157]"
1605,"[-73.944102, 40.779984]"
1604,"[-73.790962, 40.663735]"
1603,"[-73.984086, 40.737543]"
1603,"[-73.971263, 40.751122]"
1600,"[-73.997341, 40.736668]"
1599,"[-73.895857, 40.623713]"
1599,"[-73.965536, 40.695731]"
1599,"[-73.994854, 40.769253]"
1597,"[-73.978225, 40.654157]"
1595,"[-73.974899, 40.750088]"
1595,"[-73.971649, 40.754561]"
1595,"[-74.006621, 40.736432]"
1594,"[-73.99852, 40.713443]"
1593,"[-73.977436, 40.749539]"
1593,"[-73.978281, 40.773031]"
1591,"[-73.975985, 40.79552]"
1591,"[-73.977603, 40.738172]"
1589,"[-73.785764, 40.650614]"
1587,"[-73.78784, 40.644798]"
1587,"[-73.964065, 40.815519]"
1587,"[-74.009316, 40.70206]"
1586,"[-73.986812, 40.729779]"
1584,"[-74.016629, 40.704631]"
1583,"[-73.956642, 40.709112]"
1583,"[-73.930473, 40.84542]"
1582,"[-74.008246, 40.744695]"
1581,"[-74.00427, 40.752646]"
1581,"[-73.983766, 40.78475]"
1580,"[-73.946579, 40.780694]"
1579,"[-73.957867, 40.765245]"
1578,"[-73.975164, 40.774655]"
1578,"[-73.982282, 40.775545]"
1577,"[-73.984777, 40.769241]"
1576,"[-73.930616, 40.79467]"
1575,"[-73.791332, 40.661392]"
1572,"[-73.792593, 40.656996]"
1570,"[-73.96889, 40.772529]"
1570,"[-73.897303, 40.612059]"
1568,"[-74.086553, 40.757712]"
1568,"[-74.005708, 40.725675]"
1567,"[-73.996267, 40.665745]"
1565,"[-73.988195, 40.74829]"
1565,"[-74.01511, 40.706459]"
1565,"[-73.963905, 40.761233]"
1564,"[-73.98309, 40.726666]"
1563,"[-73.801411, 40.673866]"
1562,"[-73.780692, 40.646357]"
1561,"[-73.806861, 40.685407]"
1561,"[-73.901354, 40.725811]"
1560,"[-73.959929, 40.709932]"
1560,"[-74.008441, 40.724022]"
1560,"[-73.980659, 40.774854]"
1559,"[-73.971811, 40.760358]"
1559,"[-74.124573, 40.73237]"
1559,"[-73.997862, 40.741056]"
1558,"[-73.991006, 40.723738]"
1558,"[-73.973144, 40.748534]"
1557,"[-74.006449, 40.739405]"
1557,"[-73.961363, 40.706997]"
1554,"[-73.988736, 40.699559]"
1554,"[-73.972567, 40.745071]"
1554,"[-73.973156, 40.7651]"
1553,"[-74.063005, 40.770156]"
1551,"[-73.966517, 40.784133]"
1549,"[-73.923386, 40.798485]"
1548,"[-73.975135, 40.758486]"
1548,"[-73.977888, 40.748921]"
1548,"[-73.977693, 40.787088]"
1546,"[-73.981659, 40.767725]"
1545,"[-74.006935, 40.719119]"
1544,"[-73.957911, 40.759752]"
1543,"[-73.945587, 40.752943]"
1542,"[-73.787825, 40.665084]"
1542,"[-73.96155, 40.768452]"
1542,"[-73.942493, 40.747141]"
1541,"[-73.98171, 40.767119]"
1541,"[-73.973278, 40.765031]"
1541,"[-73.942559, 40.848923]"
1541,"[-73.9518, 40.742994]"
1540,"[-73.946707, 40.771304]"
1539,"[-74.009255, 40.702171]"
1539,"[-73.787406, 40.653722]"
1536,"[-73.929978, 40.795107]"
1536,"[-73.963566, 40.696376]"
1535,"[-73.961038, 40.818704]"
1535,"[-73.965778, 40.75864]"
1535,"[-74.009723, 40.724955]"
1534,"[-74.037487, 40.774792]"
1533,"[-73.995874, 40.738686]"
1532,"[-73.971907, 40.757125]"
1531,"[-73.980995, 40.788969]"
1531,"[-74.1219, 40.744055]"
1531,"[-73.967032, 40.76095]"
1531,"[-73.95587, 40.776235]"
1530,"[-73.973735, 40.754613]"
1530,"[-73.984923, 40.742064]"
1530,"[-74.014361, 40.701331]"
1530,"[-73.988792, 40.722908]"
1529,"[-73.96179, 40.791332]"
1528,"[-73.948935, 40.836442]"
1528,"[-73.989766, 40.739176]"
1526,"[-73.825743, 40.716066]"
1524,"[-73.999852, 40.743427]"
1523,"[-73.948009, 40.817116]"
1522,"[-73.958253, 40.772969]"
1522,"[-73.973892, 40.801528]"
1522,"[-73.96004, 40.798047]"
1521,"[-73.897537, 40.75258]"
1519,"[-73.998804, 40.760149]"
1519,"[-73.787649, 40.663694]"
1518,"[-74.001637, 40.76132]"
1518,"[-73.973015, 40.744462]"
1518,"[-74.104914, 40.756013]"
1517,"[-73.942833, 40.784155]"
1516,"[-73.98987, 40.725582]"
1516,"[-73.924942, 40.735763]"
1515,"[-74.11772, 40.749595]"
1514,"[-73.987165, 40.722409]"
1514,"[-73.981822, 40.752197]"
1513,"[-74.131888, 40.72574]"
1513,"[-74.001859, 40.745856]"
1512,"[-74.136424, 40.717956]"
1511,"[-73.984675, 40.785912]"
1509,"[-74.001152, 40.731798]"
1509,"[-74.016603, 40.705012]"
1508,"[-73.987319, 40.78055]"
1506,"[-73.991118, 40.776288]"
1505,"[-73.995963, 40.755186]"
1505,"[-73.958418, 40.7102]"
1505,"[-73.974432, 40.774683]"
1504,"[-73.972657, 40.742194]"
1503,"[-74.01439, 40.701264]"
1503,"[-73.990351, 40.731281]"
1501,"[-74.153815, 40.707994]"
1500,"[-73.953911, 40.7133]"
1500,"[-74.140267, 40.714396]"
1498,"[-74.011768, 40.721645]"
1498,"[-74.005003, 40.706853]"
1498,"[-73.981176, 40.781802]"
1497,"[-73.826477, 40.721178]"
1497,"[-73.980554, 40.78325]"
1497,"[-73.970748, 40.747642]"
1496,"[-73.968464, 40.799058]"
1495,"[-73.934953, 40.809927]"
1494,"[-73.983403, 40.771088]"
1494,"[-73.962931, 40.781642]"
1493,"[-73.982914, 40.742024]"
1493,"[-73.870217, 40.771131]"
1493,"[-74.003889, 40.7255]"
1493,"[-74.011583, 40.703519]"
1493,"[-74.178548, 40.711056]"
1492,"[-73.963857, 40.777053]"
1492,"[-73.916282, 40.770262]"
1492,"[-73.969624, 40.760253]"
1492,"[-73.986244, 40.772288]"
1490,"[-73.802555, 40.647551]"
1490,"[-73.93289, 40.802845]"
1490,"[-73.899713, 40.757668]"
1489,"[-73.942899, 40.751612]"
1489,"[-74.177832, 40.711513]"
1486,"[-73.982195, 40.767635]"
1486,"[-73.801577, 40.646621]"
1486,"[-73.980654, 40.745133]"
1485,"[-73.961251, 40.701053]"
1485,"[-73.961899, 40.698188]"
1484,"[-73.898968, 40.741043]"
1481,"[-73.908552, 40.736554]"
1479,"[-74.008016, 40.707988]"
1478,"[-73.9754, 40.774678]"
1478,"[-73.990316, 40.761606]"
1476,"[-73.97708, 40.771329]"
1475,"[-73.935902, 40.791213]"
1475,"[-73.893966, 40.725199]"
1474,"[-73.836391, 40.734758]"
1473,"[-73.979599, 40.749648]"
1472,"[-73.987662, 40.751443]"
1469,"[-73.981085, 40.696744]"
1468,"[-73.966154, 40.753876]"
1467,"[-73.963859, 40.783194]"
1467,"[-73.96865, 40.799142]"
1467,"[-73.97977, 40.752139]"
1466,"[-73.976735, 40.796025]"
1465,"[-73.830937, 40.66554]"
1464,"[-73.977432, 40.753717]"
1464,"[-73.986219, 40.699929]"
1464,"[-73.976248, 40.748231]"
1464,"[-74.00907, 40.740819]"
1464,"[-73.974769, 40.736383]"
1463,"[-73.999634, 40.753919]"
1459,"[-73.807328, 40.685956]"
1458,"[-73.877356, 40.770522]"
1458,"[-73.985699, 40.744005]"
1457,"[-74.006932, 40.748877]"
1456,"[-73.9968, 40.725378]"
1456,"[-73.846743, 40.743403]"
1456,"[-74.007989, 40.703198]"
1456,"[-73.972166, 40.730075]"
1455,"[-74.01217, 40.701339]"
1455,"[-73.970497, 40.764842]"
1455,"[-73.992795, 40.768394]"
1453,"[-73.963162, 40.760483]"
1453,"[-73.966813, 40.764105]"
1452,"[-74.003428, 40.738753]"
1452,"[-73.958391, 40.815808]"
1452,"[-73.956935, 40.766522]"
1448,"[-73.994648, 40.725935]"
1448,"[-73.975807, 40.683414]"
1448,"[-73.941736, 40.746143]"
1447,"[-73.994252, 40.728412]"
1445,"[-74.013927, 40.701188]"
1444,"[-73.865571, 40.768836]"
1443,"[-73.982779, 40.745199]"
1443,"[-73.987778, 40.738338]"
1437,"[-73.943498, 40.783656]"
1436,"[-73.801199, 40.6463]"
1436,"[-73.972603, 40.745624]"
1435,"[-73.983107, 40.784992]"
1434,"[-73.945716, 40.74085]"
1433,"[-73.981619, 40.767744]"
1431,"[-73.985796, 40.700769]"
1430,"[-74.0101, 40.739118]"
1430,"[-73.956434, 40.71062]"
1430,"[-74.002562, 40.681513]"
1428,"[-73.962078, 40.755442]"
1428,"[-73.930713, 40.801511]"
1427,"[-74.005474, 40.709095]"
1427,"[-73.978717, 40.720007]"
1427,"[-73.979128, 40.770276]"
1427,"[-73.919346, 40.796428]"
1426,"[-73.954266, 40.741552]"
1424,"[-73.981811, 40.746343]"
1421,"[-74.003055, 40.706062]"
1420,"[-73.785266, 40.646109]"
1419,"[-73.998626, 40.750257]"
1419,"[-73.964797, 40.75999]"
1418,"[-73.974999, 40.755974]"
1418,"[-74.007075, 40.728766]"
1418,"[-73.954835, 40.811725]"
1416,"[-74.005107, 40.746395]"
1415,"[-73.99755, 40.74658]"
1415,"[-73.98413, 40.743345]"
1413,"[-73.951624, 40.742874]"
1413,"[-73.982267, 40.73602]"
1412,"[-73.988636, 40.77412]"
1412,"[-73.98579, 40.735204]"
1410,"[-73.984221, 40.784494]"
1410,"[-74.014535, 40.701379]"
1408,"[-73.984837, 40.724269]"
1407,"[-73.980277, 40.696444]"
1406,"[-73.970954, 40.76422]"
1404,"[-74.001619, 40.709524]"
1404,"[-73.968318, 40.764743]"
1403,"[-73.990767, 40.760986]"
1401,"[-73.968914, 40.758324]"
1401,"[-73.976418, 40.780674]"
1401,"[-73.979536, 40.73979]"
1401,"[-73.801405, 40.646687]"
1400,"[-73.974927, 40.746068]"
1399,"[-73.971644, 40.743853]"
1399,"[-73.997785, 40.724235]"
1398,"[-73.962876, 40.799237]"
1398,"[-73.982054, 40.696023]"
1398,"[-73.868277, 40.771066]"
1397,"[-73.919563, 40.797091]"
1397,"[-73.992837, 40.720056]"
1397,"[-73.974545, 40.746585]"
1396,"[-73.982038, 40.778905]"
1396,"[-73.852254, 40.756842]"
1395,"[-73.800196, 40.645636]"
1394,"[-73.863483, 40.767319]"
1391,"[-74.001191, 40.729171]"
1391,"[-73.973309, 40.760989]"
1390,"[-73.873919, 40.772605]"
1390,"[-73.956545, 40.778181]"
1390,"[-73.968006, 40.759574]"
1388,"[-74.003581, 40.743476]"
1387,"[-73.997073, 40.749189]"
1386,"[-73.893643, 40.766385]"
1385,"[-74.015197, 40.708495]"
1384,"[-73.897719, 40.752563]"
1383,"[-73.957305, 40.76022]"
1382,"[-73.865258, 40.7691]"
1381,"[-74.002194, 40.727982]"
1381,"[-73.961361, 40.701163]"
1381,"[-73.957808, 40.779539]"
1380,"[-73.963438, 40.761867]"
1380,"[-73.871885, 40.648227]"
1377,"[-73.945713, 40.777857]"
1377,"[-74.003155, 40.727664]"
1375,"[-73.929366, 40.79931]"
1373,"[-73.975764, 40.747069]"
1372,"[-73.891988, 40.725597]"
1371,"[-73.917283, 40.770828]"
1370,"[-74.000628, 40.737222]"
1370,"[-74.004688, 40.730321]"
1368,"[-73.96755, 40.747743]"
1368,"[-73.991684, 40.759728]"
1368,"[-73.990887, 40.765915]"
1368,"[-74.0021, 40.728103]"
1366,"[-74.00874, 40.74147]"
1365,"[-73.996645, 40.747822]"
1364,"[-73.985087, 40.758587]"
1361,"[-73.934046, 40.807415]"
1361,"[-73.999069, 40.749651]"
1361,"[-73.92447, 40.735598]"
1359,"[-73.967709, 40.762872]"
1358,"[-73.960236, 40.778908]"
1358,"[-73.996789, 40.752742]"
1358,"[-73.993982, 40.771259]"
1358,"[-73.870419, 40.77353]"
1357,"[-74.000438, 40.74778]"
1356,"[-73.95382, 40.784564]"
1355,"[-73.94335, 40.774434]"
1355,"[-74.004825, 40.712347]"
1354,"[-73.93101, 40.804304]"
1354,"[-73.974015, 40.743095]"
1353,"[-74.008466, 40.720646]"
1353,"[-74.016711, 40.704953]"
1352,"[-73.99658, 40.742811]"
1352,"[-73.930111, 40.794949]"
1352,"[-74.013914, 40.701258]"
1350,"[-74.005259, 40.681]"
1350,"[-73.977431, 40.752273]"
1350,"[-73.919735, 40.795686]"
1349,"[-74.003768, 40.722384]"
1348,"[-73.883432, 40.768365]"
1347,"[-73.78447, 40.646045]"
1345,"[-73.930577, 40.801503]"
1345,"[-74.005475, 40.730104]"
1344,"[-74.005304, 40.74003]"
1343,"[-73.962785, 40.697203]"
1342,"[-74.0128, 40.701263]"
1342,"[-74.010991, 40.727134]"
1341,"[-73.992573, 40.714652]"
1340,"[-73.951836, 40.715481]"
1340,"[-74.007459, 40.707219]"
1340,"[-74.000703, 40.742254]"
1339,"[-73.984798, 40.745239]"
1339,"[-74.025347, 40.639991]"
1338,"[-74.012837, 40.702442]"
1338,"[-73.974712, 40.79881]"
1338,"[-73.983678, 40.743965]"
1335,"[-73.94203, 40.849219]"
1334,"[-73.855149, 40.759012]"
1333,"[-73.980222, 40.751521]"
1332,"[-73.988517, 40.737123]"
1332,"[-73.922812, 40.734326]"
1331,"[-73.982225, 40.777141]"
1331,"[-73.921711, 40.796816]"
1331,"[-73.976811, 40.743525]"
1331,"[-73.934743, 40.750979]"
1329,"[-74.004779, 40.737543]"
1328,"[-73.872386, 40.678087]"
1327,"[-73.980856, 40.741968]"
1326,"[-73.993607, 40.762185]"
1326,"[-74.009226, 40.709377]"
1325,"[-73.953489, 40.779497]"
1324,"[-73.975345, 40.716972]"
1324,"[-73.920789, 40.767663]"
1324,"[-73.957868, 40.800521]"
1324,"[-73.895387, 40.725278]"
1323,"[-73.975668, 40.753801]"
1321,"[-73.957812, 40.773573]"
1321,"[-73.994471, 40.755913]"
1320,"[-73.995101, 40.75676]"
1320,"[-74.012933, 40.716423]"
1320,"[-73.964863, 40.752517]"
1320,"[-74.01457, 40.701314]"
1319,"[-73.973175, 40.758475]"
1318,"[-73.952573, 40.780753]"
1318,"[-73.981426, 40.781058]"
1318,"[-74.001639, 40.733697]"
1318,"[-74.000881, 40.747175]"
1318,"[-73.990027, 40.732756]"
1315,"[-74.01016, 40.733145]"
1315,"[-73.97535, 40.749468]"
1315,"[-73.944262, 40.781491]"
1314,"[-73.952925, 40.71406]"
1313,"[-73.963843, 40.815883]"
1312,"[-74.007952, 40.714935]"
1311,"[-73.952104, 40.740957]"
1311,"[-74.000532, 40.71843]"
1311,"[-73.992139, 40.759103]"
1310,"[-73.952806, 40.783302]"
1310,"[-73.869897, 40.771251]"
1309,"[-73.946173, 40.777227]"
1309,"[-74.002384, 40.760696]"
1308,"[-73.837484, 40.667018]"
1308,"[-73.983364, 40.741406]"
1308,"[-73.801252, 40.67219]"
1307,"[-73.99777, 40.674742]"
1305,"[-73.929985, 40.784061]"
1304,"[-73.951205, 40.782626]"
1303,"[-73.929871, 40.795252]"
1303,"[-73.989365, 40.735949]"
1303,"[-73.976693, 40.795602]"
1301,"[-73.79437, 40.666512]"
1300,"[-73.976959, 40.766971]"
1300,"[-73.991674, 40.72692]"
1300,"[-73.978192, 40.741653]"
1300,"[-73.787801, 40.654178]"
1299,"[-73.974536, 40.746152]"
1298,"[-73.962439, 40.75483]"
1297,"[-74.002476, 40.730337]"
1297,"[-73.871723, 40.731127]"
1296,"[-73.90148, 40.738939]"
1296,"[-73.995016, 40.714867]"
1296,"[-73.875896, 40.7717]"
1295,"[-73.779007, 40.646677]"
1294,"[-73.952704, 40.776562]"
1293,"[-73.958674, 40.802464]"
1293,"[-73.965533, 40.695845]"
1293,"[-73.967271, 40.763482]"
1292,"[-73.962032, 40.773734]"
1292,"[-74.032049, 40.728959]"
1292,"[-73.986783, 40.78154]"
1290,"[-74.012569, 40.701378]"
1290,"[-73.985246, 40.744623]"
1289,"[-73.961591, 40.81729]"
1288,"[-73.998077, 40.674115]"
1288,"[-73.919489, 40.796543]"
1287,"[-73.894389, 40.765532]"
1286,"[-74.013749, 40.714377]"
1286,"[-73.962983, 40.762498]"
1285,"[-73.937635, 40.812748]"
1283,"[-73.998681, 40.713519]"
1280,"[-73.981109, 40.744498]"
1280,"[-74.009906, 40.738813]"
1280,"[-73.937302, 40.789608]"
1279,"[-73.999449, 40.708107]"
1279,"[-73.966359, 40.764732]"
1279,"[-73.998524, 40.719786]"
1279,"[-73.954481, 40.778137]"
1279,"[-73.971338, 40.744199]"
1279,"[-73.971238, 40.74446]"
1275,"[-73.846236, 40.742733]"
1273,"[-73.944765, 40.774936]"
1272,"[-74.002401, 40.738749]"
1272,"[-73.991691, 40.735205]"
1271,"[-73.985825, 40.740825]"
1270,"[-73.994526, 40.760925]"
1269,"[-73.944171, 40.719949]"
1269,"[-73.786399, 40.641768]"
1268,"[-73.971854, 40.743647]"
1267,"[-73.840455, 40.66657]"
1267,"[-73.972831, 40.745936]"
1267,"[-73.943573, 40.779299]"
1266,"[-73.971379, 40.800753]"
1265,"[-74.011991, 40.721667]"
1265,"[-73.995377, 40.754675]"
1264,"[-73.979985, 40.769005]"
1264,"[-73.994391, 40.719457]"
1263,"[-73.969832, 40.797183]"
1262,"[-73.948968, 40.78168]"
1262,"[-73.989011, 40.743796]"
1261,"[-73.964319, 40.756377]"
1261,"[-73.801291, 40.673456]"
1260,"[-73.979089, 40.740407]"
1260,"[-73.99942, 40.744009]"
1259,"[-74.016561, 40.704047]"
1259,"[-73.788594, 40.641911]"
1259,"[-74.00084, 40.67531]"
1258,"[-74.008477, 40.711352]"
1257,"[-73.999978, 40.748409]"
1254,"[-73.96786, 40.765374]"
1254,"[-73.993791, 40.720334]"
1252,"[-73.970089, 40.759631]"
1252,"[-74.003349, 40.732711]"
1249,"[-73.904085, 40.726272]"
1249,"[-73.981912, 40.746458]"
1247,"[-73.974964, 40.799067]"
1245,"[-74.016695, 40.705026]"
1244,"[-73.93112, 40.801259]"
1243,"[-73.95434, 40.714072]"
1242,"[-73.96525, 40.75513]"
1241,"[-74.012166, 40.701551]"
1240,"[-73.971189, 40.766767]"
1239,"[-73.952917, 40.80778]"
1239,"[-73.987336, 40.752903]"
1239,"[-73.961326, 40.791099]"
1238,"[-73.950337, 40.779809]"
1237,"[-74.016909, 40.704832]"
1236,"[-73.961622, 40.756059]"
1234,"[-73.97545, 40.775914]"
1234,"[-73.916253, 40.770075]"
1233,"[-73.982163, 40.767742]"
1232,"[-74.010272, 40.732007]"
1232,"[-73.970969, 40.675146]"
1231,"[-73.951336, 40.743225]"
1231,"[-73.975768, 40.774243]"
1229,"[-73.98849, 40.764112]"
1229,"[-73.998287, 40.74047]"
1229,"[-73.917749, 40.770435]"
1228,"[-74.005723, 40.731647]"
1228,"[-73.990987, 40.723986]"
1227,"[-73.988729, 40.745286]"
1226,"[-73.997453, 40.758238]"
1226,"[-73.974532, 40.778168]"
1225,"[-73.961794, 40.773634]"
1224,"[-73.875301, 40.644749]"
1224,"[-73.961334, 40.774266]"
1224,"[-73.896442, 40.763035]"
1224,"[-74.006929, 40.754459]"
1223,"[-74.013222, 40.716528]"
1223,"[-73.990344, 40.72894]"
1222,"[-74.009922, 40.725029]"
1221,"[-74.010945, 40.716291]"
1220,"[-73.9643, 40.764682]"
1220,"[-73.990797, 40.700244]"
1214,"[-74.007392, 40.705183]"
1212,"[-73.942581, 40.775815]"
1212,"[-74.008123, 40.711993]"
1212,"[-73.983443, 40.747098]"
1211,"[-74.011527, 40.714294]"
1211,"[-74.006498, 40.736957]"
1209,"[-73.977717, 40.794491]"
1209,"[-73.965618, 40.795471]"
1209,"[-74.000182, 40.758298]"
1207,"[-74.007152, 40.754087]"
1206,"[-73.980065, 40.696328]"
1206,"[-73.982305, 40.773099]"
1206,"[-73.982355, 40.767934]"
1205,"[-73.837584, 40.742955]"
1205,"[-73.942511, 40.775652]"
1203,"[-74.002786, 40.74959]"
1203,"[-74.008845, 40.72747]"
1203,"[-73.853391, 40.758934]"
1202,"[-73.861884, 40.767626]"
1201,"[-73.95148, 40.765849]"
1201,"[-73.942881, 40.777665]"
1200,"[-74.00453, 40.716287]"
1200,"[-73.983018, 40.785771]"
1200,"[-74.053776, 40.780704]"
1198,"[-73.893214, 40.725403]"
1198,"[-73.952342, 40.783937]"
1198,"[-73.988539, 40.727402]"
1197,"[-73.941903, 40.849221]"
1197,"[-73.957453, 40.710258]"
1197,"[-73.954857, 40.763998]"
1197,"[-73.97513, 40.79911]"
1196,"[-73.964657, 40.695742]"
1195,"[-73.976436, 40.796355]"
1195,"[-73.834623, 40.749132]"
1194,"[-73.998515, 40.749495]"
1193,"[-73.997099, 40.747198]"
1193,"[-73.937395, 40.748923]"
1191,"[-73.981365, 40.767959]"
1191,"[-74.001969, 40.735069]"
1191,"[-73.981407, 40.768071]"
1191,"[-73.988332, 40.747551]"
1190,"[-73.871248, 40.771691]"
1187,"[-73.955565, 40.785304]"
1182,"[-73.965705, 40.800431]"
1182,"[-73.962649, 40.697157]"
1181,"[-73.985752, 40.723009]"
1181,"[-74.007214, 40.753952]"
1180,"[-73.983985, 40.780496]"
1179,"[-73.865213, 40.769204]"
1179,"[-73.958023, 40.778804]"
1178,"[-73.923314, 40.735483]"
1178,"[-73.828408, 40.775422]"
1177,"[-73.797221, 40.644789]"
1177,"[-74.004363, 40.711167]"
1177,"[-73.999754, 40.734311]"
1176,"[-73.942451, 40.775923]"
1176,"[-73.807156, 40.657813]"
1175,"[-73.980731, 40.733837]"
1175,"[-73.982124, 40.767724]"
1175,"[-74.009678, 40.71495]"
1175,"[-74.00766, 40.712541]"
1174,"[-73.995057, 40.756052]"
1173,"[-73.982273, 40.771446]"
1173,"[-73.98667, 40.76661]"
1173,"[-73.984076, 40.749102]"
1172,"[-74.000628, 40.757686]"
1172,"[-73.869379, 40.724395]"
1171,"[-73.968882, 40.773227]"
1171,"[-73.967994, 40.801401]"
1171,"[-73.981407, 40.768031]"
1169,"[-73.974927, 40.735352]"
1169,"[-74.000577, 40.727357]"
1169,"[-73.959176, 40.771704]"
1169,"[-73.989868, 40.733528]"
1168,"[-73.943813, 40.783154]"
1167,"[-73.962515, 40.763113]"
1167,"[-73.844196, 40.733829]"
1167,"[-73.948832, 40.836532]"
1167,"[-73.92178, 40.796255]"
1166,"[-73.987102, 40.780959]"
1165,"[-73.992368, 40.689688]"
1165,"[-74.004738, 40.752016]"
1164,"[-73.975102, 40.752741]"
1164,"[-73.979844, 40.696296]"
1162,"[-73.896151, 40.742935]"
1161,"[-73.996587, 40.748647]"
1161,"[-73.934419, 40.74603]"
1161,"[-73.984348, 40.745856]"
1160,"[-73.961003, 40.709606]"
1159,"[-73.960316, 40.773013]"
1158,"[-73.963549, 40.774372]"
1157,"[-73.796237, 40.644694]"
1157,"[-73.981997, 40.767688]"
1154,"[-73.991026, 40.730097]"
1153,"[-73.94922, 40.742531]"
1151,"[-73.918774, 40.731978]"
1151,"[-73.997944, 40.749506]"
1151,"[-74.004329, 40.711356]"
1151,"[-74.003999, 40.742883]"
1151,"[-73.997322, 40.758173]"
1150,"[-73.959965, 40.756927]"
1149,"[-73.985444, 40.731658]"
1149,"[-74.00219, 40.680106]"
1149,"[-73.911232, 40.729832]"
1149,"[-73.950794, 40.779176]"
1149,"[-73.953629, 40.77529]"
1148,"[-73.863124, 40.76722]"
1148,"[-73.956945, 40.783417]"
1148,"[-73.982012, 40.743261]"
1148,"[-73.981957, 40.777853]"
1148,"[-73.825728, 40.715335]"
1147,"[-73.997358, 40.729944]"
1145,"[-73.956034, 40.784667]"
1145,"[-74.009424, 40.704508]"
1145,"[-73.960231, 40.766242]"
1143,"[-73.944813, 40.779106]"
1143,"[-73.929541, 40.786676]"
1141,"[-74.019845, 40.767375]"
1139,"[-73.976967, 40.755971]"
1138,"[-73.930958, 40.801365]"
1138,"[-73.876372, 40.772953]"
1138,"[-73.968543, 40.764837]"
1137,"[-74.179219, 40.711883]"
1136,"[-73.935005, 40.809407]"
1135,"[-73.936606, 40.749309]"
1135,"[-73.93026, 40.794803]"
1134,"[-73.962536, 40.754816]"
1133,"[-73.963872, 40.710307]"
1133,"[-73.904666, 40.726555]"
1131,"[-73.962258, 40.772999]"
1130,"[-73.986598, 40.742771]"
1129,"[-73.987125, 40.765994]"
1129,"[-73.998713, 40.739881]"
1127,"[-73.981117, 40.774227]"
1126,"[-73.929093, 40.799136]"
1126,"[-73.983504, 40.776047]"
1126,"[-73.984711, 40.710722]"
1126,"[-73.947048, 40.72283]"
1125,"[-73.943088, 40.77459]"
1125,"[-73.929208, 40.800975]"
1123,"[-73.953034, 40.78012]"
1122,"[-73.886072, 40.768775]"
1122,"[-74.004561, 40.73401]"
1122,"[-73.893335, 40.766218]"
1120,"[-73.937586, 40.848514]"
1120,"[-73.999604, 40.731043]"
1119,"[-73.957611, 40.760216]"
1119,"[-73.839509, 40.764204]"
1118,"[-73.986775, 40.698662]"
1118,"[-73.996847, 40.757741]"
1117,"[-73.984807, 40.760106]"
1116,"[-73.98073, 40.782439]"
1116,"[-73.983023, 40.786443]"
1116,"[-74.002732, 40.74464]"
1115,"[-73.971517, 40.768781]"
1115,"[-73.960634, 40.756138]"
1114,"[-74.001448, 40.727613]"
1113,"[-73.945621, 40.835165]"
1113,"[-73.9927, 40.763428]"
1113,"[-73.874996, 40.771374]"
1112,"[-73.995845, 40.754068]"
1111,"[-74.00003, 40.708336]"
1111,"[-73.99251, 40.724192]"
1110,"[-73.956726, 40.760863]"
1109,"[-73.963105, 40.696418]"
1109,"[-73.995489, 40.733437]"
1108,"[-73.956934, 40.770762]"
1107,"[-73.95676, 40.710496]"
1107,"[-73.989962, 40.767183]"
1107,"[-73.994118, 40.735313]"
1106,"[-73.929172, 40.797157]"
1104,"[-73.988942, 40.736525]"
1103,"[-74.010542, 40.709154]"
1103,"[-73.967709, 40.802985]"
1103,"[-73.874789, 40.771843]"
1103,"[-73.879262, 40.769897]"
1102,"[-73.996395, 40.667954]"
1102,"[-73.977148, 40.738796]"
1102,"[-73.983444, 40.722019]"
1102,"[-73.962918, 40.791735]"
1101,"[-74.056254, 40.780717]"
1100,"[-74.006558, 40.749533]"
1100,"[-74.006953, 40.729493]"
1099,"[-73.955535, 40.711083]"
1099,"[-74.184098, 40.692216]"
1099,"[-73.92946, 40.79922]"
1099,"[-74.000274, 40.717619]"
1099,"[-73.970042, 40.765466]"
1098,"[-73.956498, 40.767116]"
1098,"[-73.932268, 40.746497]"
1097,"[-73.941569, 40.749079]"
1097,"[-73.975797, 40.748852]"
1096,"[-73.966291, 40.793284]"
1096,"[-73.974457, 40.762293]"
1095,"[-73.999956, 40.718017]"
1095,"[-73.797289, 40.644662]"
1094,"[-73.943427, 40.718934]"
1094,"[-73.786386, 40.648034]"
1093,"[-73.78557, 40.645952]"
1093,"[-74.004653, 40.747023]"
1091,"[-74.024161, 40.762769]"
1090,"[-73.983628, 40.762065]"
1090,"[-73.957873, 40.759906]"
1088,"[-73.979184, 40.693505]"
1088,"[-73.985345, 40.699737]"
1087,"[-73.996392, 40.699559]"
1087,"[-73.949881, 40.780435]"
1085,"[-73.993205, 40.772784]"
1083,"[-73.975792, 40.798769]"
1083,"[-73.934975, 40.73783]"
1082,"[-73.959695, 40.76274]"
1082,"[-73.99575, 40.720896]"
1082,"[-73.980843, 40.688761]"
1081,"[-73.982463, 40.742644]"
1080,"[-73.983548, 40.734263]"
1080,"[-73.954288, 40.810992]"
1080,"[-73.931294, 40.845962]"
1080,"[-74.001933, 40.724552]"
1080,"[-73.982279, 40.767822]"
1080,"[-73.949876, 40.741453]"
1080,"[-73.991539, 40.726874]"
1080,"[-73.964011, 40.773735]"
1079,"[-73.984875, 40.728194]"
1079,"[-74.009371, 40.708614]"
1078,"[-73.873731, 40.771351]"
1076,"[-73.98923, 40.721677]"
1076,"[-73.977362, 40.719427]"
1076,"[-73.993071, 40.757828]"
1076,"[-73.785511, 40.648294]"
1074,"[-73.988658, 40.699194]"
1074,"[-73.982665, 40.739496]"
1072,"[-73.968524, 40.71082]"
1072,"[-73.972955, 40.745567]"
1071,"[-73.96125, 40.77173]"
1071,"[-73.975656, 40.796218]"
1070,"[-73.991796, 40.738507]"
1070,"[-73.963715, 40.696291]"
1068,"[-73.959254, 40.759305]"
1067,"[-73.951774, 40.730831]"
1066,"[-73.98444, 40.728783]"
1065,"[-73.985909, 40.731019]"
1063,"[-74.010465, 40.711535]"
1063,"[-73.973591, 40.74792]"
1061,"[-73.975797, 40.74064]"
1061,"[-73.896349, 40.682802]"
1060,"[-73.973128, 40.764372]"
1058,"[-73.97151, 40.769862]"
1057,"[-74.015313, 40.701684]"
1057,"[-74.184261, 40.699863]"
1057,"[-73.927514, 40.736108]"
1057,"[-73.974044, 40.747296]"
1057,"[-73.981552, 40.768428]"
1056,"[-73.972567, 40.799917]"
1056,"[-73.977517, 40.787014]"
1056,"[-73.93726, 40.745175]"
1056,"[-73.87628, 40.772032]"
1054,"[-73.950338, 40.775565]"
1054,"[-73.866349, 40.771255]"
1054,"[-74.011719, 40.722999]"
1053,"[-73.887245, 40.822298]"
1052,"[-74.000531, 40.75269]"
1052,"[-73.974023, 40.730807]"
1052,"[-73.796972, 40.644755]"
1052,"[-73.985232, 40.768584]"
1052,"[-74.006215, 40.723132]"
1051,"[-73.956338, 40.775593]"
1051,"[-73.985933, 40.740871]"
1050,"[-73.963447, 40.760452]"
1050,"[-73.989859, 40.762233]"
1049,"[-73.961608, 40.764365]"
1049,"[-73.975545, 40.7962]"
1048,"[-73.956185, 40.788133]"
1046,"[-73.943131, 40.77834]"
1046,"[-73.990945, 40.739673]"
1046,"[-73.981622, 40.779504]"
1045,"[-73.963476, 40.760429]"
1045,"[-73.978449, 40.794289]"
1044,"[-73.961089, 40.709567]"
1044,"[-73.957535, 40.760206]"
1043,"[-74.008436, 40.744768]"
1043,"[-74.002078, 40.716731]"
1043,"[-74.178079, 40.707417]"
1043,"[-73.992654, 40.73733]"
1042,"[-73.932908, 40.725119]"
1042,"[-73.904718, 40.726314]"
1042,"[-73.982255, 40.769792]"
1041,"[-73.87337, 40.772296]"
1040,"[-73.787796, 40.645215]"
1040,"[-73.952147, 40.741269]"
1040,"[-74.005427, 40.727881]"
1039,"[-74.004291, 40.711067]"
1039,"[-73.973074, 40.745622]"
1039,"[-73.957562, 40.779436]"
1039,"[-73.919751, 40.797408]"
1038,"[-73.955277, 40.788585]"
1038,"[-74.005321, 40.718384]"
1038,"[-73.993322, 40.733304]"
1037,"[-73.966099, 40.716206]"
1036,"[-73.962727, 40.772356]"
1036,"[-73.987108, 40.696038]"
1036,"[-73.953719, 40.782055]"
1035,"[-74.015186, 40.701688]"
1035,"[-73.944941, 40.772692]"
1035,"[-73.92976, 40.786363]"
1033,"[-73.929775, 40.799991]"
1033,"[-74.008051, 40.73938]"
1033,"[-74.001548, 40.709604]"
1031,"[-73.954566, 40.769767]"
1030,"[-73.971344, 40.768549]"
1030,"[-74.005636, 40.750789]"
1030,"[-73.978002, 40.786393]"
1030,"[-74.004372, 40.711216]"
1030,"[-73.982378, 40.768075]"
1029,"[-73.976336, 40.647729]"
1028,"[-73.797813, 40.644762]"
1027,"[-74.014738, 40.701372]"
1027,"[-73.975891, 40.788921]"
1027,"[-73.917253, 40.770472]"
1026,"[-73.836149, 40.812263]"
1026,"[-73.868433, 40.770262]"
1026,"[-73.958217, 40.759652]"
1026,"[-73.976296, 40.746673]"
1026,"[-73.854909, 40.75875]"
1024,"[-73.983958, 40.725473]"
1023,"[-73.957412, 40.765868]"
1021,"[-74.010166, 40.703313]"
1021,"[-74.000174, 40.737861]"
1021,"[-74.012818, 40.701332]"
1021,"[-73.785824, 40.64397]"
1021,"[-73.982909, 40.78522]"
1021,"[-73.948449, 40.584665]"
1021,"[-73.980832, 40.696672]"
1020,"[-73.929862, 40.79994]"
1020,"[-73.983222, 40.762697]"
1020,"[-73.956083, 40.778812]"
1019,"[-73.962018, 40.767809]"
1019,"[-73.98021, 40.780561]"
1019,"[-74.008452, 40.750609]"
1019,"[-73.957227, 40.585127]"
1019,"[-73.786461, 40.641729]"
1018,"[-73.95457, 40.762306]"
1018,"[-73.895121, 40.764344]"
1017,"[-73.956062, 40.710698]"
1017,"[-74.016691, 40.704436]"
1017,"[-73.987159, 40.771033]"
1016,"[-73.871546, 40.771486]"
1016,"[-74.003566, 40.71094]"
1015,"[-73.996665, 40.76674]"
1014,"[-73.97212, 40.745677]"
1014,"[-73.968108, 40.799738]"
1014,"[-73.937203, 40.789763]"
1013,"[-74.00786, 40.746795]"
1013,"[-73.951248, 40.778551]"
1012,"[-73.964095, 40.759724]"
1012,"[-74.006383, 40.733055]"
1012,"[-73.98503, 40.742109]"
1010,"[-74.013114, 40.703588]"
1010,"[-73.979435, 40.735581]"
1010,"[-73.946503, 40.771506]"
1009,"[-73.934352, 40.808125]"
1008,"[-73.969287, 40.803629]"
1006,"[-73.982312, 40.774735]"
1006,"[-73.970918, 40.770705]"
1005,"[-74.014434, 40.711033]"
1005,"[-74.006385, 40.744646]"
1005,"[-73.998196, 40.721063]"
1004,"[-73.960986, 40.709892]"
1003,"[-73.930502, 40.803346]"
1002,"[-73.85856, 40.674269]"
1002,"[-73.957404, 40.782792]"
1001,"[-74.002163, 40.677386]"
1001,"[-73.876428, 40.771589]"
